date,pm25,pm10,o3,no2,so2,co
3/2/22,86,,,,,
2/2/22,90,24,32,2,4,4
2/3/22,66,29,41,3,5,5
2/4/22,74,29,43,3,4,2
2/5/22,80,25,32,4,4,2
2/6/22,72,10,37,2,3,2
2/7/22,29,13,45,3,4,2
2/8/22,42,21,40,3,5,2
2/9/22,51,17,44,3,4,2
2/10/22,55,20,46,4,4,2
2/11/22,64,32,46,5,4,2
2/12/22,91,43,52,7,4,3
2/13/22,113,38,51,9,5,2
2/14/22,98,54,55,15,5,5
2/15/22,133,42,50,6,5,3
2/16/22,104,33,48,5,5,3
2/17/22,86,28,40,5,3,2
2/18/22,72,28,42,7,4,3
2/19/22,70,46,27,12,4,5
2/20/22,110,15,25,5,4,4
2/21/22,51,19,22,5,4,4
2/22/22,66,15,31,4,4,5
2/23/22,46,40,38,6,5,5
2/24/22,113,34,37,8,4,4
2/25/22,95,30,44,5,4,3
2/26/22,82,36,48,6,3,2
2/27/22,88,28,41,7,2,2
2/28/22,70,28,46,8,2,2
3/1/22,69,38,49,13,4,4
1/4/22,60,24,31,7,2,3
1/5/22,45,23,32,9,3,3
1/6/22,52,21,33,9,3,2
1/7/22,48,26,33,11,3,2
1/8/22,49,22,34,8,3,2
1/9/22,51,33,35,14,3,3
1/10/22,73,20,35,6,2,1
1/11/22,45,28,35,7,2,4
1/12/22,71,25,32,10,2,3
1/13/22,56,24,33,10,3,3
1/14/22,55,22,33,5,2,2
1/15/22,51,20,28,9,3,3
1/16/22,52,25,19,11,2,4
1/17/22,65,24,27,8,3,3
1/18/22,63,38,32,17,3,3
1/19/22,86,39,23,17,3,4
1/20/22,72,13,31,9,3,2
1/21/22,43,16,24,10,3,3
1/22/22,48,11,34,5,2,2
1/23/22,31,13,38,3,2,1
1/24/22,36,23,38,6,3,2
1/25/22,65,26,33,4,2,3
1/26/22,73,19,35,4,2,2
1/27/22,55,15,31,4,2,3
1/28/22,54,14,33,4,2,2
1/29/22,50,16,38,3,3,1
1/30/22,49,25,38,7,3,2
1/31/22,75,25,16,4,4,6
2/1/22,68,34,35,2,6,5
10/2/21,57,34,36,8,2,3
10/3/21,74,19,30,5,3,2
10/4/21,43,14,25,4,2,2
10/5/21,21,18,30,4,3,2
10/6/21,46,25,39,8,3,2
10/7/21,58,30,36,7,2,2
10/8/21,76,31,38,5,3,2
10/9/21,81,30,48,3,2,2
10/10/21,75,17,25,5,1,2
10/11/21,39,10,22,3,1,3
10/12/21,24,22,27,4,2,3
10/13/21,57,18,23,4,2,1
10/14/21,46,13,19,4,2,2
10/15/21,30,11,19,4,2,3
10/16/21,20,11,19,3,1,2
10/17/21,28,16,22,5,3,2
10/18/21,46,21,29,6,3,3
10/19/21,44,16,22,5,2,2
10/20/21,40,17,19,6,2,3
10/21/21,31,14,15,6,2,3
10/22/21,31,9,17,4,2,1
10/23/21,30,18,16,6,2,5
10/24/21,37,16,11,6,3,4
10/25/21,35,15,15,7,3,4
10/26/21,34,17,27,5,3,3
10/27/21,43,21,23,6,2,2
10/28/21,47,23,15,6,2,2
10/29/21,54,16,28,7,3,3
10/30/21,39,23,21,8,3,3
10/31/21,51,17,27,7,3,2
11/1/21,40,24,30,9,3,2
11/2/21,47,21,31,8,2,1
11/3/21,43,20,36,8,3,1
11/4/21,41,25,27,7,3,2
11/5/21,45,20,32,5,2,3
11/6/21,40,18,37,7,2,2
11/7/21,36,30,40,13,3,3
11/8/21,61,35,25,9,3,2
11/9/21,75,38,19,12,3,3
11/10/21,81,26,17,8,3,2
11/11/21,65,19,27,7,2,2
11/12/21,40,23,16,9,2,4
11/13/21,69,34,11,9,3,5
11/14/21,87,18,13,9,2,4
11/15/21,48,14,23,8,2,4
11/16/21,31,15,18,9,2,4
11/17/21,30,20,13,8,3,4
11/18/21,52,26,26,7,3,4
11/19/21,63,14,32,6,2,2
11/20/21,34,16,33,7,2,2
11/21/21,39,37,31,15,2,3
11/22/21,76,20,24,6,3,3
11/23/21,44,11,11,7,2,3
11/24/21,35,33,17,12,3,5
11/25/21,66,30,30,10,3,5
11/26/21,73,27,31,12,2,5
11/27/21,67,27,22,12,2,4
11/28/21,63,18,26,11,3,3
11/29/21,51,22,27,9,2,3
11/30/21,53,28,32,10,3,4
12/1/21,63,40,30,18,3,5
12/2/21,85,44,21,9,3,4
12/3/21,108,38,32,8,3,3
12/4/21,97,48,26,12,3,4
12/5/21,114,50,27,11,4,5
12/6/21,129,52,27,9,2,4
12/7/21,138,45,26,11,4,4
12/8/21,106,31,31,9,4,5
12/9/21,77,29,31,12,3,3
12/10/21,70,24,29,10,2,3
12/11/21,59,24,27,10,3,3
12/12/21,52,28,13,13,2,6
12/13/21,62,16,15,9,2,5
12/14/21,47,18,29,8,2,3
12/15/21,51,20,33,12,3,3
12/16/21,51,23,33,14,3,3
12/17/21,52,42,32,10,2,4
12/18/21,98,27,34,8,2,3
12/19/21,79,39,38,11,2,4
12/20/21,91,33,33,12,3,3
12/21/21,77,43,29,20,3,5
12/22/21,98,44,31,17,3,4
12/23/21,90,26,21,13,2,3
12/24/21,64,20,33,14,3,5
12/25/21,61,25,26,13,2,4
12/26/21,62,12,30,9,2,3
12/27/21,38,20,25,12,3,5
12/28/21,55,23,29,10,3,4
12/29/21,55,24,31,11,4,4
12/30/21,55,23,29,11,4,4
12/31/21,50,23,27,12,3,4
1/1/22,54,23,29,11,3,4
1/2/22,51,24,27,11,3,4
1/3/22,54,22,28,9,2,4
7/2/21,38,13,17,4,3,3
7/3/21,25,17,29,5,2,3
7/4/21,34,18,32,5,3,4
7/5/21,38,25,29,6,3,3
7/6/21,48,20,22,5,2,3
7/7/21,30,18,37,5,2,2
7/8/21,27,22,29,4,3,2
7/9/21,49,13,27,4,2,2
7/10/21,30,17,29,5,3,2
7/11/21,35,16,24,5,2,2
7/12/21,28,17,25,3,2,2
7/13/21,30,20,24,4,2,3
7/14/21,36,16,31,5,3,3
7/15/21,25,19,26,5,3,3
7/16/21,36,18,29,5,3,2
7/17/21,38,25,30,8,5,4
7/18/21,53,24,34,10,3,3
7/19/21,46,18,28,5,4,2
7/20/21,38,19,26,5,3,2
7/21/21,38,19,39,6,3,3
7/22/21,50,29,46,9,3,3
7/23/21,64,28,32,11,3,3
7/24/21,55,26,24,12,3,3
7/25/21,54,17,35,6,4,2
7/26/21,37,31,43,12,3,3
7/27/21,55,35,44,11,4,3
7/28/21,69,30,41,13,4,4
7/29/21,64,32,48,10,4,4
7/30/21,63,42,58,15,5,5
7/31/21,79,41,41,13,4,4
8/1/21,74,27,67,6,5,3
8/2/21,59,55,90,17,6,5
8/3/21,95,33,79,9,4,3
8/4/21,80,40,74,15,5,3
8/5/21,78,51,83,17,6,4
8/6/21,97,32,61,9,4,3
8/7/21,66,22,37,6,5,2
8/8/21,35,22,36,6,6,3
8/9/21,43,30,27,8,7,4
8/10/21,55,27,35,8,5,4
8/11/21,61,22,39,6,4,3
8/12/21,54,21,25,7,4,3
8/13/21,41,20,24,5,5,3
8/14/21,42,14,33,4,4,3
8/15/21,25,13,31,4,5,3
8/16/21,22,18,15,5,5,2
8/17/21,28,14,12,5,6,3
8/18/21,26,15,17,5,6,3
8/19/21,17,20,22,6,6,4
8/20/21,28,17,28,5,3,3
8/21/21,29,23,24,5,3,4
8/22/21,40,21,18,4,3,4
8/23/21,35,23,22,6,3,4
8/24/21,37,22,37,6,3,4
8/25/21,44,16,30,5,3,3
8/26/21,42,19,24,6,2,3
8/27/21,44,24,28,7,2,3
8/28/21,50,25,27,6,2,3
8/29/21,57,19,21,5,2,3
8/30/21,41,23,22,6,2,3
8/31/21,29,23,29,8,2,3
9/1/21,42,33,33,8,3,4
9/2/21,61,27,40,7,3,3
9/3/21,61,26,38,6,2,3
9/4/21,60,26,34,7,3,3
9/5/21,55,22,34,6,3,3
9/6/21,56,20,39,6,2,3
9/7/21,33,14,37,4,3,3
9/8/21,34,24,40,6,2,3
9/9/21,64,20,26,5,2,3
9/10/21,53,26,40,9,2,3
9/11/21,56,36,59,13,3,4
9/12/21,68,31,56,12,2,3
9/13/21,60,40,38,14,2,4
9/14/21,71,30,41,6,2,4
9/15/21,70,33,23,6,2,3
9/16/21,59,27,25,8,3,4
9/17/21,50,21,19,7,2,4
9/18/21,33,21,22,7,2,3
9/19/21,26,19,24,5,2,3
9/20/21,30,20,44,6,3,3
9/21/21,49,24,32,5,2,2
9/22/21,55,23,28,6,2,2
9/23/21,54,27,37,10,2,2
9/24/21,61,24,29,7,2,2
9/25/21,60,22,19,7,1,1
9/26/21,34,19,29,6,1,1
9/27/21,39,25,39,10,2,2
9/28/21,49,27,39,10,3,2
9/29/21,52,28,45,10,2,2
9/30/21,52,37,40,12,3,3
10/1/21,67,30,41,9,2,2
4/2/21,147,63,58,9,8,4
4/3/21,119,55,54,18,6,6
4/4/21,114,57,50,17,7,7
4/5/21,122,42,42,12,6,6
4/6/21,108,28,37,13,1,7
4/7/21,77,32,54,6,4,6
4/8/21,86,52,62,12,4,9
4/9/21,137,43,61,7,4,6
4/10/21,98,54,61,8,5,6
4/11/21,121,55,62,6,5,6
4/12/21,118,47,62,7,5,5
4/13/21,95,49,69,10,5,4
4/14/21,109,54,69,8,6,5
4/15/21,121,57,75,9,5,5
4/16/21,135,64,73,17,7,7
4/17/21,131,21,20,7,5,6
4/18/21,56,25,54,6,5,6
4/19/21,68,43,53,7,5,5
4/20/21,99,33,55,6,5,4
4/21/21,75,38,63,9,6,4
4/22/21,76,47,63,12,5,4
4/23/21,94,46,70,7,4,4
4/24/21,94,41,60,6,4,3
4/25/21,89,53,66,17,4,5
4/26/21,112,62,69,14,4,7
4/27/21,140,48,57,7,3,7
4/28/21,111,37,40,7,5,6
4/29/21,85,17,59,8,4,4
4/30/21,42,45,75,17,5,6
5/1/21,103,30,57,7,4,5
5/2/21,72,23,54,5,4,4
5/3/21,68,25,60,5,4,4
5/4/21,62,29,68,7,5,4
5/5/21,69,37,56,5,5,4
5/6/21,79,21,44,6,5,3
5/7/21,53,23,41,6,5,4
5/8/21,56,28,57,11,5,4
5/9/21,64,32,49,8,5,5
5/10/21,73,30,42,5,5,4
5/11/21,70,26,52,5,5,4
5/12/21,61,25,48,6,5,4
5/13/21,60,19,44,5,5,4
5/14/21,52,21,43,4,5,4
5/15/21,55,23,43,5,5,4
5/16/21,49,25,56,6,5,4
5/17/21,62,29,58,5,5,5
5/18/21,55,41,57,6,6,6
5/19/21,78,38,44,5,6,5
5/20/21,80,34,42,6,6,7
5/21/21,69,27,41,5,5,5
5/22/21,54,25,42,5,3,3
5/23/21,52,31,55,6,4,4
5/24/21,64,16,25,4,4,4
5/25/21,48,19,38,5,4,4
5/26/21,42,18,39,6,4,4
5/27/21,45,23,30,9,5,4
5/28/21,56,22,31,9,5,4
5/29/21,49,24,42,5,4,4
5/30/21,56,34,49,8,5,5
5/31/21,70,30,43,5,5,5
6/1/21,62,25,42,6,5,5
6/2/21,48,20,44,5,5,5
6/3/21,39,24,50,5,5,5
6/4/21,54,26,62,7,5,5
6/5/21,55,41,67,12,6,5
6/6/21,76,24,57,4,4,5
6/7/21,57,15,36,4,3,5
6/8/21,50,23,38,4,4,5
6/9/21,60,27,39,5,3,4
6/10/21,66,18,34,7,4,4
6/11/21,42,21,23,7,4,5
6/12/21,47,15,30,8,3,3
6/13/21,35,18,34,4,4,3
6/14/21,40,21,36,5,4,3
6/15/21,50,22,30,4,4,3
6/16/21,36,25,29,4,4,3
6/17/21,29,20,29,4,5,3
6/18/21,27,20,26,4,5,3
6/19/21,31,20,28,4,5,4
6/20/21,39,20,33,4,5,3
6/21/21,32,28,42,7,6,5
6/22/21,52,26,35,10,6,5
6/23/21,64,25,23,8,8,5
6/24/21,55,25,33,6,6,5
6/25/21,58,25,33,6,5,3
6/26/21,54,22,30,5,4,3
6/27/21,41,20,30,4,5,3
6/28/21,39,23,33,8,5,4
6/29/21,49,17,27,5,4,3
6/30/21,34,19,43,5,6,3
7/1/21,40,15,26,5,3,3
1/5/21,86,36,34,14,3,7
1/6/21,70,32,32,8,4,6
1/7/21,64,26,29,7,4,5
1/8/21,51,24,11,9,2,7
1/9/21,99,31,13,9,2,7
1/10/21,72,25,11,8,1,7
1/11/21,76,22,26,6,4,7
1/12/21,66,45,37,7,4,6
1/13/21,91,43,36,12,5,8
1/14/21,97,53,35,19,5,9
1/15/21,115,56,35,19,6,9
1/16/21,118,54,37,16,5,8
1/17/21,120,26,29,7,5,6
1/18/21,58,35,40,15,5,7
1/19/21,90,40,38,13,6,8
1/20/21,102,31,30,10,4,7
1/21/21,90,36,39,10,5,5
1/22/21,94,41,47,14,6,4
1/23/21,106,59,37,15,6,6
1/24/21,140,42,43,6,5,5
1/25/21,109,41,42,10,6,5
1/26/21,103,49,42,15,5,5
1/27/21,111,39,38,9,5,4
1/28/21,89,49,19,12,6,8
1/29/21,127,45,42,9,5,6
1/30/21,103,31,41,8,6,4
1/31/21,74,27,39,6,5,3
2/1/21,68,32,43,9,6,4
2/2/21,74,33,44,11,7,5
2/3/21,83,34,45,11,7,6
2/4/21,88,30,41,9,8,5
2/5/21,75,30,43,7,7,5
2/6/21,76,34,45,9,8,5
2/7/21,97,34,37,7,8,7
2/8/21,101,24,23,6,6,5
2/9/21,82,21,26,6,6,7
2/10/21,88,30,39,9,4,5
2/11/21,88,27,40,4,3,3
2/12/21,70,31,43,2,5,2
2/13/21,91,25,46,1,3,2
2/14/21,72,27,45,3,4,3
2/15/21,101,28,47,2,3,3
2/16/21,83,29,48,3,3,3
2/17/21,94,40,29,3,3,3
2/18/21,107,46,41,5,4,4
2/19/21,125,32,44,4,4,4
2/20/21,85,26,41,5,4,3
2/21/21,77,24,39,4,4,3
2/22/21,71,31,49,12,5,4
2/23/21,68,27,46,13,4,3
2/24/21,65,30,45,6,4,2
2/25/21,70,33,48,5,5,3
2/26/21,84,44,56,8,5,4
2/27/21,102,52,50,7,5,6
2/28/21,133,46,52,3,4,6
3/1/21,95,44,51,5,6,7
3/2/21,101,44,49,7,5,7
3/3/21,95,55,64,7,5,7
3/4/21,132,56,60,9,6,7
3/5/21,131,53,57,7,6,6
3/6/21,114,49,59,9,5,4
3/7/21,106,64,75,18,6,5
3/8/21,154,54,55,9,7,6
3/9/21,125,54,58,12,5,6
3/10/21,130,53,56,7,5,4
3/11/21,115,49,44,12,5,7
3/12/21,97,47,57,9,5,4
3/13/21,100,70,65,19,10,7
3/14/21,144,48,55,11,2,7
3/15/21,111,52,68,8,5,7
3/16/21,127,56,59,8,7,8
3/17/21,124,46,62,7,5,7
3/18/21,113,66,66,12,6,8
3/19/21,144,59,65,9,6,4
3/20/21,133,55,68,8,7,4
3/21/21,134,57,19,16,6,6
3/22/21,121,28,12,8,2,4
3/23/21,79,46,52,11,6,6
3/24/21,114,62,55,16,9,8
3/25/21,135,61,68,9,5,7
3/26/21,156,61,71,7,4,5
3/27/21,141,59,71,8,5,4
3/28/21,127,71,77,17,6,7
3/29/21,148,68,67,8,7,6
3/30/21,155,78,80,8,7,7
3/31/21,165,79,62,8,4,7
4/1/21,142,73,66,10,4,7
10/2/20,37,16,23,5,1,4
10/3/20,26,21,23,7,3,5
10/4/20,36,24,21,9,1,6
10/5/20,43,26,26,7,2,6
10/6/20,43,18,22,5,1,4
10/7/20,35,22,25,8,1,4
10/8/20,45,33,27,8,2,6
10/9/20,62,25,23,6,1,5
10/10/20,54,37,44,12,1,5
10/11/20,67,54,49,15,2,6
10/12/20,89,36,37,10,2,5
10/13/20,73,38,35,9,1,5
10/14/20,68,29,19,5,4,4
10/15/20,59,15,23,5,3,6
10/16/20,32,11,19,4,2,6
10/17/20,19,19,19,4,2,5
10/18/20,54,20,17,5,2,5
10/19/20,54,22,15,6,2,5
10/20/20,59,12,16,6,2,5
10/21/20,30,11,25,6,1,5
10/22/20,27,33,37,12,5,4
10/23/20,61,38,46,14,4,3
10/24/20,80,65,53,19,5,5
10/25/20,106,41,29,15,3,5
10/26/20,73,52,33,11,6,6
10/27/20,80,41,32,13,1,5
10/28/20,74,40,23,11,2,5
10/29/20,66,17,16,7,5,4
10/30/20,49,17,19,7,4,4
10/31/20,39,27,22,11,4,5
11/1/20,43,22,21,9,3,6
11/2/20,38,25,18,8,4,6
11/3/20,59,15,13,7,4,5
11/4/20,39,20,8,8,5,6
11/5/20,44,17,20,7,4,6
11/6/20,34,24,31,10,4,8
11/7/20,45,28,30,9,3,7
11/8/20,68,35,30,11,3,7
11/9/20,81,48,35,12,3,8
11/10/20,116,65,44,17,5,9
11/11/20,139,38,35,19,4,7
11/12/20,68,65,40,26,5,8
11/13/20,118,66,40,24,6,6
11/14/20,130,51,44,22,6,5
11/15/20,100,53,35,20,6,6
11/16/20,94,50,30,13,6,7
11/17/20,85,23,26,7,4,5
11/18/20,50,22,31,8,4,4
11/19/20,48,25,36,10,5,4
11/20/20,55,25,36,10,5,5
11/21/20,51,28,37,9,5,5
11/22/20,61,38,40,15,5,6
11/23/20,74,30,39,10,5,6
11/24/20,66,26,32,9,5,5
11/25/20,57,22,35,7,5,5
11/26/20,55,30,38,12,6,5
11/27/20,56,42,36,16,6,5
11/28/20,71,26,38,12,5,5
11/29/20,73,43,33,11,6,8
11/30/20,104,47,29,15,5,7
12/1/20,94,43,30,11,6,7
12/2/20,75,27,31,10,6,7
12/3/20,55,32,8,10,4,7
12/4/20,82,33,7,11,4,7
12/5/20,80,20,25,7,4,4
12/6/20,57,18,27,6,4,3
12/7/20,47,36,25,13,5,6
12/8/20,70,36,26,12,5,6
12/9/20,78,30,33,12,6,5
12/10/20,69,40,29,12,5,6
12/11/20,78,25,31,6,4,5
12/12/20,52,25,32,9,5,3
12/13/20,54,23,32,7,4,4
12/14/20,46,30,32,12,5,5
12/15/20,63,23,30,6,4,5
12/16/20,55,25,32,9,5,6
12/17/20,57,22,29,7,5,5
12/18/20,55,42,12,11,6,8
12/19/20,102,22,5,9,2,6
12/20/20,78,29,11,10,2,7
12/21/20,86,40,14,12,4,8
12/22/20,103,33,22,13,4,6
12/23/20,74,31,28,15,4,5
12/24/20,72,46,30,15,4,5
12/25/20,98,45,29,14,4,5
12/26/20,84,24,30,10,3,5
12/27/20,47,22,32,8,4,3
12/28/20,51,23,32,7,3,3
12/29/20,44,28,33,14,3,4
12/30/20,59,46,15,10,3,7
12/31/20,128,44,29,11,1,5
1/1/21,105,34,33,10,2,4
1/2/21,77,29,32,10,3,3
1/3/21,65,34,33,12,5,4
1/4/21,81,31,33,9,3,5
7/2/20,45,16,25,9,3,6
7/3/20,42,21,30,6,4,5
7/4/20,48,26,28,8,3,4
7/5/20,55,15,24,6,3,4
7/6/20,32,15,20,4,3,5
7/7/20,41,15,21,4,2,5
7/8/20,36,19,17,5,4,5
7/9/20,37,16,12,5,4,4
7/10/20,23,15,16,5,3,5
7/11/20,31,12,17,3,3,4
7/12/20,21,23,19,6,4,5
7/13/20,42,14,11,4,3,4
7/14/20,23,12,21,5,5,4
7/15/20,18,20,19,7,4,6
7/16/20,27,20,20,7,4,5
7/17/20,37,17,15,6,4,4
7/18/20,26,14,13,5,3,4
7/19/20,26,13,20,7,4,5
7/20/20,27,13,28,5,3,4
7/21/20,19,14,13,5,4,3
7/22/20,26,14,14,4,4,3
7/23/20,32,15,16,4,4,3
7/24/20,26,21,22,7,4,4
7/25/20,40,30,26,9,4,4
7/26/20,45,27,29,9,6,4
7/27/20,47,38,73,13,5,4
7/28/20,62,48,70,16,4,4
7/29/20,74,47,67,17,4,5
7/30/20,74,46,51,16,5,5
7/31/20,85,32,46,10,4,3
8/1/20,63,28,41,5,4,2
8/2/20,56,26,20,5,5,2
8/3/20,43,14,26,4,4,2
8/4/20,32,15,27,3,3,2
8/5/20,31,20,42,5,4,2
8/6/20,35,21,31,5,3,3
8/7/20,40,20,15,9,3,3
8/8/20,45,19,20,8,4,3
8/9/20,26,18,8,7,2,4
8/10/20,32,17,21,5,4,3
8/11/20,24,20,14,7,5,4
8/12/20,28,31,17,8,7,4
8/13/20,43,20,15,6,4,3
8/14/20,30,19,28,7,3,4
8/15/20,36,16,28,6,2,3
8/16/20,32,17,17,6,4,3
8/17/20,30,11,14,8,4,4
8/18/20,22,10,17,4,4,3
8/19/20,21,13,19,4,4,3
8/20/20,27,27,31,9,4,4
8/21/20,60,35,36,13,3,5
8/22/20,67,34,33,11,1,5
8/23/20,74,20,24,8,2,4
8/24/20,33,20,26,8,1,5
8/25/20,35,25,55,12,2,5
8/26/20,58,52,87,21,5,6
8/27/20,81,51,52,18,3,6
8/28/20,86,32,49,8,4,5
8/29/20,59,22,33,8,3,3
8/30/20,50,22,23,8,3,4
8/31/20,53,19,29,8,,4
9/1/20,49,41,53,13,5,5
9/2/20,84,48,72,15,3,6
9/3/20,88,51,51,20,1,4
9/4/20,98,39,39,14,4,3
9/5/20,78,27,36,8,3,3
9/6/20,57,27,24,10,2,3
9/7/20,55,15,36,5,4,2
9/8/20,45,27,32,7,2,3
9/9/20,62,31,35,14,3,5
9/10/20,58,22,25,9,7,5
9/11/20,41,29,26,9,3,5
9/12/20,53,17,19,7,2,5
9/13/20,44,14,19,6,1,4
9/14/20,26,15,18,7,3,5
9/15/20,42,20,19,7,4,5
9/16/20,34,23,19,9,3,6
9/17/20,37,26,23,9,2,6
9/18/20,46,23,26,5,5,5
9/19/20,47,26,20,6,2,5
9/20/20,53,18,24,5,2,4
9/21/20,34,34,21,10,4,6
9/22/20,48,20,18,8,2,5
9/23/20,30,15,21,5,2,6
9/24/20,35,20,19,6,1,6
9/25/20,52,20,14,8,2,4
9/26/20,33,26,18,8,5,6
9/27/20,61,20,20,6,2,5
9/28/20,40,25,15,7,1,5
9/29/20,38,23,19,8,1,5
9/30/20,43,29,25,8,4,7
10/1/20,59,18,25,6,3,5
4/2/20,133,55,62,7,2,6
4/3/20,131,54,69,9,3,6
4/4/20,133,75,53,19,4,8
4/5/20,151,51,51,10,2,8
4/6/20,122,47,58,12,4,7
4/7/20,107,44,50,10,3,7
4/8/20,103,54,63,13,2,7
4/9/20,124,49,60,7,2,7
4/10/20,114,57,56,9,2,7
4/11/20,124,39,71,7,3,4
4/12/20,80,42,37,7,2,5
4/13/20,99,26,31,7,2,5
4/14/20,59,32,59,12,3,5
4/15/20,66,45,54,14,6,6
4/16/20,76,47,59,8,3,6
4/17/20,96,50,52,6,2,5
4/18/20,92,34,46,6,3,4
4/19/20,65,40,50,10,3,4
4/20/20,74,41,49,7,3,4
4/21/20,62,49,47,8,3,3
4/22/20,83,42,47,9,3,5
4/23/20,89,48,21,15,4,6
4/24/20,109,24,25,8,4,6
4/25/20,65,13,27,7,3,5
4/26/20,48,27,41,12,4,5
4/27/20,64,47,59,21,6,7
4/28/20,93,47,63,23,4,6
4/29/20,83,46,44,19,4,6
4/30/20,88,20,38,6,3,5
5/1/20,46,25,46,11,4,6
5/2/20,44,31,52,13,5,4
5/3/20,57,36,51,14,4,5
5/4/20,70,38,46,13,5,5
5/5/20,71,26,46,6,4,4
5/6/20,59,34,45,7,4,4
5/7/20,63,41,45,7,4,4
5/8/20,67,38,48,7,4,4
5/9/20,64,42,58,10,5,3
5/10/20,72,58,66,15,6,6
5/11/20,108,41,69,11,6,5
5/12/20,85,51,58,6,5,5
5/13/20,111,38,49,6,4,6
5/14/20,76,33,51,5,4,5
5/15/20,62,38,55,7,5,3
5/16/20,72,44,73,8,5,5
5/17/20,86,46,67,12,6,5
5/18/20,86,29,56,12,5,5
5/19/20,73,38,59,12,5,5
5/20/20,76,39,45,5,5,5
5/21/20,70,22,34,5,5,6
5/22/20,41,35,45,11,6,6
5/23/20,72,42,58,8,8,6
5/24/20,84,44,44,13,7,6
5/25/20,73,44,52,11,7,5
5/26/20,77,33,35,12,7,5
5/27/20,62,29,26,9,5,5
5/28/20,72,44,27,13,3,7
5/29/20,87,24,44,8,4,6
5/30/20,56,35,49,12,3,3
5/31/20,75,35,46,7,3,2
6/1/20,51,35,48,8,4,5
6/2/20,48,35,45,8,2,6
6/3/20,56,39,52,11,8,5
6/4/20,63,39,42,8,5,4
6/5/20,61,37,39,11,7,5
6/6/20,61,34,34,8,5,3
6/7/20,59,24,31,5,4,4
6/8/20,37,22,33,4,5,4
6/9/20,33,22,30,4,5,5
6/10/20,45,23,18,4,3,6
6/11/20,40,19,24,3,4,5
6/12/20,38,15,31,4,4,5
6/13/20,14,23,41,5,5,6
6/14/20,46,37,38,6,5,6
6/15/20,70,18,38,4,5,7
6/17/20,108,15,26,4,4,6
6/18/20,55,26,26,8,4,6
6/19/20,50,13,21,6,2,8
6/20/20,92,11,22,4,1,7
6/21/20,71,17,22,4,3,7
6/22/20,90,20,23,4,3,9
6/23/20,61,21,28,5,3,8
6/24/20,54,26,27,10,4,9
6/25/20,102,37,29,11,3,9
6/26/20,87,21,25,6,2,8
6/27/20,15,21,27,6,2,7
6/28/20,26,21,32,5,3,3
6/29/20,32,20,33,5,4,5
6/30/20,47,26,33,9,4,6
7/1/20,52,19,24,10,4,7
1/2/20,60,23,26,9,3,6
1/3/20,53,27,24,13,4,5
1/4/20,58,43,21,15,5,5
1/5/20,64,14,16,15,4,5
1/6/20,46,13,30,7,2,3
1/7/20,32,30,31,15,5,5
1/8/20,63,31,31,15,3,5
1/9/20,70,28,31,12,4,5
1/10/20,61,33,30,11,3,5
1/11/20,68,21,33,12,5,5
1/12/20,55,33,34,18,5,7
1/13/20,74,26,33,12,4,6
1/14/20,61,25,34,10,4,6
1/15/20,58,23,31,7,4,5
1/16/20,49,21,33,8,5,5
1/17/20,54,21,34,6,4,2
1/18/20,52,16,33,4,4,2
1/19/20,40,28,36,12,4,3
1/20/20,63,19,35,5,3,2
1/21/20,54,19,36,2,4,2
1/22/20,53,21,36,6,4,2
1/23/20,57,16,34,2,4,2
1/24/20,49,21,40,1,4,3
1/25/20,60,26,25,3,5,6
1/26/20,66,22,39,4,5,5
1/27/20,83,25,40,3,3,4
1/28/20,73,28,38,4,3,4
1/29/20,80,23,17,3,4,6
1/30/20,71,24,34,2,3,4
1/31/20,70,27,38,2,3,5
2/1/20,75,26,38,2,4,5
2/2/20,75,26,40,3,5,4
2/3/20,75,21,41,3,3,4
2/4/20,65,24,43,5,4,5
2/5/20,84,26,48,4,3,4
2/6/20,74,24,41,1,6,3
2/7/20,63,29,47,4,3,4
2/8/20,80,31,41,4,4,5
2/9/20,88,25,21,5,3,7
2/10/20,79,21,37,3,3,6
2/11/20,60,21,41,3,4,4
2/12/20,64,20,43,5,4,4
2/13/20,59,21,44,3,4,4
2/14/20,60,36,54,3,3,4
2/15/20,73,35,38,5,7,6
2/16/20,96,36,29,4,5,7
2/17/20,104,39,23,5,5,6
2/18/20,108,40,30,5,3,5
2/19/20,115,33,43,4,2,5
2/20/20,109,35,47,4,4,3
2/21/20,98,43,52,8,2,4
2/22/20,122,41,48,4,3,5
2/23/20,117,40,52,4,3,5
2/24/20,111,31,49,4,3,5
2/25/20,84,27,48,3,2,3
2/26/20,77,36,49,4,3,5
2/27/20,101,53,66,6,4,6
2/28/20,142,42,47,7,3,6
2/29/20,114,34,46,5,4,4
3/1/20,94,21,42,6,3,2
3/2/20,61,28,44,10,3,3
3/3/20,69,22,32,9,2,2
3/4/20,73,24,28,9,3,3
3/5/20,69,37,42,7,4,4
3/6/20,91,33,39,6,4,3
3/7/20,82,19,38,5,2,2
3/8/20,57,24,38,5,2,
3/9/20,54,23,39,6,2,2
3/10/20,60,46,28,11,4,5
3/11/20,119,53,49,12,2,6
3/12/20,118,36,48,7,4,3
3/13/20,77,33,48,8,2,2
3/14/20,71,50,54,14,3,5
3/15/20,117,46,54,12,3,5
3/16/20,111,54,61,20,3,5
3/17/20,111,60,53,18,3,8
3/18/20,129,54,56,14,3,7
3/19/20,117,56,38,12,4,7
3/20/20,133,60,60,19,2,5
3/21/20,122,53,55,10,3,4
3/22/20,120,56,53,10,3,8
3/23/20,129,63,55,19,3,7
3/24/20,126,40,53,9,1,6
3/25/20,102,41,58,9,2,5
3/26/20,81,39,65,6,2,5
3/27/20,90,46,69,8,3,5
3/28/20,107,62,58,16,1,6
3/29/20,127,54,67,5,1,6
3/30/20,139,,,,,
10/2/19,65,22,31,10,5,4
10/3/19,60,15,29,8,5,4
10/4/19,45,16,34,9,4,3
10/5/19,43,14,28,11,3,4
10/6/19,36,21,37,12,3,4
10/7/19,63,26,43,15,4,4
10/8/19,78,29,41,16,3,4
10/9/19,71,23,40,12,3,4
10/10/19,56,21,36,12,4,4
10/11/19,52,18,35,13,5,4
10/12/19,43,22,30,15,4,5
10/13/19,59,21,20,8,3,4
10/14/19,56,17,21,9,2,5
10/15/19,44,16,25,10,2,6
10/16/19,37,18,35,12,3,6
10/17/19,50,19,22,13,3,6
10/18/19,54,19,35,10,3,6
10/19/19,44,20,35,13,4,6
10/20/19,55,20,36,14,3,5
10/21/19,52,18,35,12,3,5
10/22/19,50,12,31,7,3,4
10/23/19,43,22,40,15,5,5
10/24/19,61,29,36,15,5,5
10/25/19,72,21,29,13,4,5
10/26/19,61,20,34,11,4,5
10/27/19,56,20,33,8,4,5
10/28/19,53,22,31,9,5,6
10/29/19,65,23,36,12,4,4
10/30/19,66,45,36,22,5,5
10/31/19,83,39,36,21,5,4
11/1/19,63,49,39,20,5,5
11/2/19,57,47,34,17,6,6
11/3/19,88,46,37,15,5,5
11/4/19,98,35,23,12,2,5
11/5/19,80,26,25,10,3,4
11/6/19,52,18,31,9,4,4
11/7/19,37,33,24,10,3,5
11/8/19,95,36,28,14,3,6
11/9/19,84,36,31,14,3,5
11/10/19,81,28,14,12,4,7
11/11/19,71,24,20,10,4,7
11/12/19,50,29,25,13,4,7
11/13/19,68,37,18,14,4,7
11/14/19,91,40,21,12,4,7
11/15/19,96,31,35,14,4,6
11/16/19,59,26,37,12,4,4
11/17/19,50,31,39,16,5,5
11/18/19,58,40,18,12,4,6
11/19/19,106,31,36,11,3,5
11/20/19,66,25,32,10,3,4
11/21/19,51,33,34,15,5,5
11/22/19,67,26,34,13,5,5
11/23/19,58,33,34,14,5,6
11/24/19,66,37,36,17,4,5
11/25/19,69,49,20,16,5,6
11/26/19,118,31,28,9,5,5
11/27/19,68,26,33,11,4,5
11/28/19,69,33,30,12,4,5
11/29/19,92,24,31,7,4,5
11/30/19,51,24,28,7,4,5
12/1/19,50,25,29,11,4,6
12/2/19,68,28,9,9,3,8
12/3/19,80,25,9,11,3,8
12/4/19,77,36,12,10,3,8
12/5/19,112,19,22,8,6,5
12/6/19,61,45,21,20,7,7
12/7/19,112,58,33,24,5,7
12/8/19,127,57,35,26,6,6
12/9/19,108,54,21,26,7,6
12/10/19,105,61,35,28,8,8
12/11/19,115,50,27,23,4,6
12/12/19,103,37,26,17,4,5
12/13/19,83,43,30,23,6,6
12/14/19,85,44,29,22,7,7
12/15/19,83,36,32,15,5,5
12/16/19,68,33,30,17,4,5
12/17/19,68,32,30,15,6,5
12/18/19,64,41,28,18,5,5
12/19/19,76,44,32,18,5,6
12/20/19,88,38,28,16,5,5
12/21/19,64,26,27,11,4,5
12/22/19,48,29,29,11,4,5
12/23/19,50,23,30,11,3,4
12/24/19,46,36,29,15,5,6
12/25/19,56,26,32,9,4,5
12/26/19,55,56,16,19,5,8
12/27/19,125,43,28,13,4,7
12/28/19,102,20,24,12,4,6
12/29/19,55,23,37,12,4,4
12/30/19,63,,,,,
7/2/19,62,48,85,14,5,5
7/3/19,90,33,48,15,5,6
7/4/19,80,31,50,11,7,5
7/5/19,76,24,26,16,7,5
7/6/19,61,19,22,15,4,5
7/7/19,53,18,24,11,5,4
7/8/19,42,27,23,10,4,4
7/9/19,35,19,29,17,7,5
7/10/19,45,19,22,19,5,6
7/11/19,50,17,19,11,4,5
7/12/19,54,24,21,9,3,5
7/13/19,43,21,25,11,5,5
7/14/19,47,24,29,15,3,5
7/15/19,53,26,34,13,5,6
7/16/19,55,27,32,11,3,5
7/17/19,49,32,33,11,3,5
7/18/19,54,38,46,13,4,6
7/19/19,56,38,45,16,4,7
7/20/19,63,21,38,11,3,5
7/21/19,54,18,23,12,3,6
7/22/19,47,19,23,12,4,8
7/23/19,49,26,30,18,3,8
7/24/19,57,28,37,14,5,6
7/25/19,60,23,24,15,3,4
7/26/19,49,24,24,13,4,4
7/27/19,52,22,31,10,4,5
7/28/19,49,27,31,10,4,4
7/29/19,49,25,22,11,5,5
7/30/19,46,27,29,15,3,5
7/31/19,54,26,35,16,4,4
8/1/19,56,29,41,15,4,4
8/2/19,98,27,51,15,3,4
8/3/19,130,30,38,15,6,4
8/4/19,64,19,26,11,4,4
8/5/19,52,20,24,10,5,3
8/6/19,48,25,42,13,3,4
8/7/19,42,32,22,16,4,7
8/8/19,61,58,37,21,6,8
8/9/19,123,33,48,19,6,7
8/10/19,103,52,41,14,4,6
8/11/19,52,38,94,20,4,6
8/12/19,71,65,87,25,6,9
8/13/19,114,32,55,12,5,6
8/14/19,62,29,58,15,4,7
8/15/19,76,29,84,16,5,6
8/16/19,67,61,94,23,4,9
8/17/19,105,55,75,25,5,6
8/18/19,96,43,72,11,4,6
8/19/19,75,44,63,14,5,6
8/20/19,75,28,43,11,3,4
8/21/19,67,27,53,10,3,4
8/22/19,66,37,46,14,3,4
8/23/19,79,26,52,10,4,3
8/24/19,73,33,64,16,5,4
8/25/19,68,55,78,24,4,6
8/26/19,92,59,82,25,4,7
8/27/19,107,32,41,14,4,5
8/28/19,72,17,37,9,3,4
8/29/19,54,27,43,9,5,4
8/30/19,65,21,37,7,5,4
8/31/19,54,20,29,8,5,4
9/1/19,57,15,30,8,4,3
9/2/19,51,23,24,9,4,3
9/3/19,66,22,33,9,4,3
9/4/19,67,14,27,11,3,2
9/5/19,37,27,21,18,4,4
9/6/19,62,25,24,15,4,5
9/7/19,75,17,26,11,4,4
9/8/19,44,17,21,11,4,4
9/9/19,41,14,16,10,4,4
9/10/19,44,11,25,9,4,4
9/11/19,47,9,20,7,3,2
9/12/19,24,14,23,9,3,4
9/13/19,37,15,30,9,4,5
9/14/19,40,21,36,8,3,4
9/15/19,59,24,38,14,3,5
9/16/19,63,22,45,12,4,4
9/17/19,65,31,43,13,5,5
9/18/19,73,32,35,18,4,5
9/19/19,73,22,46,10,3,4
9/20/19,61,27,26,16,5,5
9/21/19,64,15,39,6,4,3
9/22/19,39,22,49,10,4,3
9/23/19,52,32,55,15,3,4
9/24/19,97,27,64,9,3,4
9/25/19,76,35,62,9,3,5
9/26/19,101,47,50,12,4,6
9/27/19,134,39,50,19,3,5
9/28/19,116,29,63,17,5,5
9/29/19,82,42,56,23,5,5
9/30/19,100,39,46,20,5,4
10/1/19,89,25,35,12,4,4
4/2/19,172,66,49,21,7,10
4/3/19,129,49,46,23,6,9
4/4/19,99,43,50,21,7,7
4/5/19,83,65,60,27,10,7
4/6/19,110,38,61,21,5,6
4/7/19,78,81,57,26,7,8
4/8/19,156,44,50,11,5,7
4/9/19,100,37,49,9,6,5
4/10/19,73,38,48,15,9,6
4/11/19,74,38,54,14,8,5
4/12/19,75,56,54,22,6,7
4/13/19,92,59,55,25,7,7
4/14/19,105,68,62,23,6,7
4/15/19,121,59,59,18,8,7
4/16/19,134,59,60,19,9,7
4/17/19,122,58,57,18,6,6
4/18/19,91,45,54,8,6,4
4/19/19,83,42,59,8,5,5
4/20/19,86,39,67,9,5,6
4/21/19,89,56,87,16,6,8
4/22/19,123,59,82,17,8,8
4/23/19,128,51,72,12,5,7
4/24/19,109,51,91,11,6,7
4/25/19,118,58,105,21,7,8
4/26/19,116,61,96,24,8,7
4/27/19,125,58,79,14,4,8
4/28/19,128,59,77,8,4,8
4/29/19,149,54,73,10,5,6
4/30/19,146,59,69,13,7,6
5/1/19,132,51,70,12,6,6
5/2/19,115,51,65,10,6,6
5/3/19,96,57,55,12,6,6
5/4/19,95,36,46,8,5,6
5/5/19,77,37,53,10,6,6
5/6/19,79,42,60,11,7,6
5/7/19,77,43,78,11,6,6
5/8/19,76,66,81,20,5,7
5/9/19,102,50,89,12,6,6
5/10/19,93,58,84,13,4,5
5/11/19,104,74,85,20,7,7
5/12/19,125,71,89,11,6,5
5/13/19,122,66,75,14,6,6
5/14/19,116,60,68,13,6,7
5/15/19,113,57,69,9,4,7
5/16/19,106,53,72,14,5,7
5/17/19,81,54,72,10,5,6
5/18/19,90,48,71,10,5,6
5/19/19,85,50,74,12,5,7
5/20/19,85,64,84,15,7,8
5/21/19,112,55,78,13,5,9
5/22/19,109,49,80,11,6,9
5/23/19,108,44,79,12,3,6
5/24/19,92,46,62,11,5,5
5/25/19,94,29,62,8,5,5
5/26/19,68,46,68,12,5,6
5/27/19,77,35,50,12,6,5
5/28/19,74,31,50,13,4,5
5/29/19,64,35,65,10,3,5
5/30/19,70,40,67,10,4,6
5/31/19,76,29,32,11,6,6
6/1/19,73,30,38,14,10,7
6/2/19,74,34,80,19,8,6
6/3/19,72,59,78,23,5,10
6/4/19,98,39,55,14,5,8
6/5/19,74,37,56,12,3,7
6/6/19,67,38,46,11,3,6
6/7/19,69,29,46,7,3,5
6/8/19,56,22,39,6,4,5
6/9/19,42,20,35,7,5,4
6/10/19,47,23,44,10,5,5
6/11/19,46,41,42,9,3,5
6/12/19,55,27,42,10,3,5
6/13/19,49,29,64,16,3,6
6/14/19,53,27,34,12,4,7
6/15/19,58,17,36,8,3,6
6/16/19,43,24,39,9,4,6
6/17/19,49,28,42,11,4,7
6/18/19,55,23,37,10,4,6
6/19/19,55,26,32,10,5,6
6/20/19,48,20,31,7,4,5
6/21/19,45,19,32,7,5,5
6/22/19,39,20,35,8,5,5
6/23/19,37,34,38,13,5,7
6/24/19,57,26,33,15,7,16
6/25/19,67,21,23,15,5,12
6/26/19,52,37,24,15,5,7
6/27/19,51,23,32,10,4,5
6/28/19,45,27,46,11,7,5
6/29/19,51,36,42,12,7,6
6/30/19,60,25,44,13,8,4
7/1/19,63,39,83,14,9,4
1/2/19,64,21,28,13,6,8
1/3/19,52,21,27,12,7,8
1/4/19,52,25,32,12,6,7
1/5/19,49,54,41,24,9,11
1/6/19,80,63,33,23,11,12
1/7/19,110,57,30,22,8,11
1/8/19,91,16,24,15,3,6
1/9/19,51,15,30,11,4,6
1/10/19,39,31,26,16,7,9
1/11/19,59,43,32,18,9,10
1/12/19,73,23,31,12,8,8
1/13/19,58,38,32,18,8,11
1/14/19,65,43,32,20,7,14
1/15/19,68,36,30,21,5,13
1/16/19,74,42,35,18,9,9
1/17/19,95,69,38,23,10,12
1/18/19,109,43,30,19,7,9
1/19/19,81,45,35,18,8,11
1/20/19,86,52,35,21,8,10
1/21/19,85,46,19,22,7,11
1/22/19,103,43,28,18,4,11
1/23/19,96,47,39,16,6,12
1/24/19,80,45,37,14,5,8
1/25/19,75,45,44,23,6,7
1/26/19,79,55,37,21,7,7
1/27/19,110,32,36,11,5,7
1/28/19,73,34,37,13,5,7
1/29/19,71,34,38,9,5,8
1/30/19,77,31,37,8,5,7
1/31/19,72,41,42,19,8,8
2/1/19,82,25,39,11,5,7
2/2/19,66,23,39,8,4,7
2/3/19,62,26,40,13,4,6
2/4/19,59,25,38,8,5,6
2/5/19,56,29,43,7,9,6
2/6/19,72,20,35,5,4,7
2/7/19,56,22,36,5,4,6
2/8/19,60,21,40,9,6,5
2/9/19,58,27,37,10,6,7
2/10/19,60,34,35,5,5,5
2/11/19,68,43,55,7,5,7
2/12/19,103,50,40,12,6,7
2/13/19,119,71,44,17,8,9
2/14/19,150,74,45,16,9,9
2/15/19,139,45,41,13,6,7
2/16/19,91,37,35,13,7,6
2/17/19,72,43,38,17,5,6
2/18/19,79,23,39,8,6,5
2/19/19,64,32,40,9,5,6
2/20/19,71,31,35,8,5,6
2/21/19,74,39,43,8,7,5
2/22/19,83,53,41,16,5,5
2/23/19,100,43,38,9,6,4
2/24/19,104,51,40,16,6,5
2/25/19,100,61,39,21,6,8
2/26/19,111,32,37,12,6,6
2/27/19,79,28,34,11,6,6
2/28/19,62,29,36,11,6,6
3/1/19,66,31,36,14,7,6
3/2/19,69,30,37,10,9,5
3/3/19,71,55,44,20,12,8
3/4/19,87,40,42,13,6,6
3/5/19,87,41,38,10,5,6
3/6/19,84,29,33,11,6,7
3/7/19,82,26,36,9,4,5
3/8/19,65,41,38,10,6,6
3/9/19,82,37,38,12,5,6
3/10/19,86,41,45,12,4,5
3/11/19,85,60,49,22,6,7
3/12/19,99,58,48,20,6,8
3/13/19,107,52,49,13,6,7
3/14/19,120,70,37,24,7,9
3/15/19,149,64,48,24,5,8
3/16/19,155,72,47,22,6,8
3/17/19,133,57,47,15,8,7
3/18/19,120,60,50,16,6,7
3/19/19,103,51,46,13,5,5
3/20/19,97,45,44,14,8,6
3/21/19,88,45,42,10,6,5
3/22/19,79,43,51,15,7,6
3/23/19,89,60,48,21,9,8
3/24/19,124,59,52,18,7,8
3/25/19,134,75,54,26,7,10
3/26/19,142,67,65,18,8,10
3/27/19,145,61,61,15,6,9
3/28/19,138,43,58,10,7,7
3/29/19,146,40,62,21,8,5
3/30/19,134,49,48,17,5,6
3/31/19,83,75,68,25,7,8
4/1/19,141,79,72,22,8,10
10/2/18,77,48,30,7,5,6
10/3/18,83,50,27,14,4,7
10/4/18,99,61,28,14,4,7
10/5/18,119,65,29,12,4,8
10/6/18,111,49,33,11,5,6
10/7/18,77,47,26,15,3,7
10/8/18,78,28,27,10,5,5
10/9/18,65,26,19,16,5,7
10/10/18,68,25,27,6,6,6
10/11/18,58,35,23,10,4,7
10/12/18,79,23,13,13,3,7
10/13/18,67,14,14,8,3,7
10/14/18,40,13,16,8,3,7
10/15/18,41,17,20,13,5,7
10/16/18,49,25,28,10,5,7
10/17/18,63,31,32,12,5,6
10/18/18,58,27,28,11,4,6
10/19/18,72,29,27,11,4,3
10/20/18,73,28,27,9,3,6
10/21/18,59,25,28,9,4,5
10/22/18,57,32,21,13,4,6
10/23/18,70,26,11,14,3,5
10/24/18,62,20,24,9,3,5
10/25/18,50,24,30,9,5,4
10/26/18,49,35,20,14,3,6
10/27/18,69,39,24,12,3,5
10/28/18,87,25,29,13,5,5
10/29/18,62,28,31,14,9,5
10/30/18,70,21,30,7,10,5
10/31/18,57,30,37,13,7,3
11/1/18,62,41,39,19,11,4
11/2/18,78,53,49,23,7,5
11/3/18,108,43,37,19,6,6
11/4/18,83,21,35,9,5,5
11/5/18,58,23,39,11,5,4
11/6/18,57,28,34,12,4,5
11/7/18,62,23,31,9,3,7
11/8/18,60,39,19,16,7,6
11/9/18,76,25,30,12,4,6
11/10/18,63,21,33,10,5,5
11/11/18,54,46,27,18,7,6
11/12/18,75,26,33,11,6,5
11/13/18,46,15,34,10,4,5
11/14/18,38,18,31,10,5,7
11/15/18,50,26,26,12,8,6
11/16/18,46,19,31,12,6,6
11/17/18,46,19,30,11,6,5
11/18/18,46,23,35,11,8,5
11/19/18,54,20,28,11,7,5
11/20/18,56,17,29,10,5,6
11/21/18,48,27,32,9,8,7
11/22/18,66,37,29,13,4,8
11/23/18,98,41,31,16,6,7
11/24/18,87,21,35,12,7,6
11/25/18,58,42,37,15,9,8
11/26/18,108,57,38,23,9,9
11/27/18,122,45,33,21,8,8
11/28/18,89,57,32,25,9,10
11/29/18,123,57,34,22,8,9
11/30/18,121,21,32,11,7,4
12/1/18,60,33,30,14,5,4
12/2/18,73,18,31,8,5,4
12/3/18,52,19,29,10,6,4
12/4/18,48,26,33,15,8,5
12/5/18,53,19,31,9,5,5
12/6/18,42,22,28,14,5,6
12/7/18,50,26,18,15,6,5
12/8/18,59,17,26,11,4,4
12/9/18,42,23,27,12,6,5
12/10/18,51,28,27,11,9,6
12/11/18,55,25,26,15,8,6
12/12/18,63,28,10,13,4,7
12/13/18,76,20,30,11,6,8
12/14/18,58,27,15,12,8,7
12/15/18,61,17,25,7,6,7
12/16/18,45,33,9,15,9,9
12/17/18,81,52,24,15,6,9
12/18/18,114,30,25,11,5,8
12/19/18,72,16,23,8,4,6
12/20/18,46,20,31,8,5,5
12/21/18,38,13,33,9,4,3
12/22/18,40,43,34,17,7,8
12/23/18,66,57,39,24,6,10
12/24/18,78,17,35,6,4,6
12/25/18,53,30,34,13,5,6
12/26/18,54,33,33,15,9,9
12/27/18,63,34,31,16,8,8
12/28/18,62,35,28,16,8,4
12/29/18,77,21,25,8,3,7
12/30/18,52,28,7,9,6,10
12/31/18,62,,,,,
7/2/18,56,28,22,7,5,5
7/3/18,51,21,23,7,6,5
7/4/18,40,20,25,7,6,4
7/5/18,42,34,34,9,7,6
7/6/18,53,48,36,13,7,7
7/7/18,69,46,30,16,5,5
7/8/18,66,43,41,13,7,8
7/9/18,75,42,33,10,4,5
7/10/18,67,31,32,9,4,4
7/11/18,60,38,42,10,4,5
7/12/18,77,54,36,17,5,6
7/13/18,95,45,44,17,5,6
7/14/18,101,49,37,19,6,5
7/15/18,100,48,46,17,6,5
7/16/18,91,33,28,11,7,5
7/17/18,66,33,23,11,6,5
7/18/18,61,43,46,12,7,5
7/19/18,72,42,30,12,7,5
7/20/18,78,31,32,10,5,4
7/21/18,59,39,43,13,5,4
7/22/18,76,55,51,19,6,5
7/23/18,98,57,50,21,7,8
7/24/18,125,55,47,19,7,9
7/25/18,134,47,20,23,6,7
7/26/18,115,27,35,13,6,5
7/27/18,61,37,25,14,6,5
7/28/18,70,32,28,10,7,3
7/29/18,62,38,32,13,9,4
7/30/18,60,37,31,12,8,3
7/31/18,59,33,30,15,7,4
8/1/18,76,42,27,18,11,7
8/2/18,72,35,28,11,11,6
8/3/18,66,40,20,18,9,7
8/4/18,79,24,27,14,7,4
8/5/18,66,24,25,13,8,4
8/6/18,63,35,19,19,6,5
8/7/18,64,48,35,20,9,8
8/8/18,92,28,40,14,9,5
8/9/18,80,22,23,9,6,4
8/10/18,59,27,41,12,7,9
8/11/18,71,48,31,23,7,8
8/12/18,110,46,58,20,8,6
8/13/18,95,58,64,22,7,6
8/14/18,105,68,79,27,9,7
8/15/18,120,61,71,28,9,7
8/16/18,136,42,46,20,8,7
8/17/18,89,31,51,14,6,5
8/18/18,71,37,57,15,8,5
8/19/18,75,59,76,22,8,6
8/20/18,90,58,46,27,8,11
8/21/18,114,57,53,18,7,8
8/22/18,110,39,55,20,8,6
8/23/18,82,36,46,17,10,5
8/24/18,78,51,76,22,7,7
8/25/18,93,45,83,16,4,5
8/26/18,96,48,76,19,6,6
8/27/18,108,68,106,31,9,7
8/28/18,142,61,48,27,9,8
8/29/18,136,45,38,20,9,7
8/30/18,102,44,44,17,8,5
8/31/18,88,38,32,17,5,5
9/1/18,68,21,33,14,5,5
9/2/18,52,24,30,17,6,7
9/3/18,56,21,27,14,7,4
9/4/18,53,25,27,15,5,4
9/5/18,49,34,35,14,6,7
9/6/18,61,38,42,14,6,7
9/7/18,65,31,34,13,9,4
9/8/18,67,35,38,14,11,5
9/9/18,77,45,43,16,5,5
9/10/18,84,37,24,15,5,7
9/11/18,71,31,23,15,6,6
9/12/18,55,33,23,18,5,7
9/13/18,85,29,17,17,4,6
9/14/18,67,36,31,16,4,5
9/15/18,68,31,38,18,6,5
9/16/18,63,43,47,19,8,5
9/17/18,76,27,26,12,7,4
9/18/18,50,20,21,14,5,6
9/19/18,44,27,26,15,3,4
9/20/18,51,25,25,11,3,5
9/21/18,47,50,39,16,6,8
9/22/18,76,44,30,16,4,5
9/23/18,77,38,36,14,3,5
9/24/18,74,23,23,10,5,5
9/25/18,52,20,22,9,3,5
9/26/18,46,35,21,16,6,8
9/27/18,62,48,39,18,7,6
9/28/18,81,26,23,14,5,7
9/29/18,71,35,23,20,5,9
9/30/18,78,55,26,16,6,8
10/1/18,83,42,32,7,6,6
4/2/18,131,86,82,21,8,10
4/3/18,149,77,80,15,8,10
4/4/18,150,68,74,12,7,10
4/5/18,141,54,72,8,5,7
4/6/18,106,56,38,15,6,7
4/7/18,97,64,45,10,4,5
4/8/18,86,74,55,14,9,9
4/9/18,118,63,52,16,8,9
4/10/18,120,46,56,10,7,7
4/11/18,92,52,63,11,8,7
4/12/18,96,50,58,8,7,7
4/13/18,97,53,64,10,8,7
4/14/18,104,51,56,9,7,7
4/15/18,101,61,56,16,7,9
4/16/18,128,59,61,20,7,11
4/17/18,124,60,62,23,7,11
4/18/18,125,64,65,21,6,10
4/19/18,125,38,46,10,6,9
4/20/18,92,48,55,10,7,8
4/21/18,98,56,55,12,8,8
4/22/18,99,62,64,9,9,7
4/23/18,102,62,65,9,8,7
4/24/18,100,88,71,25,10,11
4/25/18,141,71,76,13,8,10
4/26/18,138,76,59,16,7,10
4/27/18,151,48,27,17,5,12
4/28/18,108,50,56,21,5,10
4/29/18,113,57,64,18,7,10
4/30/18,128,58,63,10,6,11
5/1/18,122,60,64,15,9,10
5/2/18,119,74,61,21,7,14
5/3/18,143,27,36,20,4,11
5/4/18,85,22,41,9,4,6
5/5/18,56,31,38,8,3,6
5/6/18,67,42,46,7,3,6
5/7/18,78,37,52,8,4,4
5/8/18,66,57,47,13,5,6
5/9/18,95,61,58,14,4,7
5/10/18,106,61,60,13,4,9
5/11/18,95,68,64,11,6,5
5/12/18,112,71,57,13,7,6
5/13/18,124,53,46,16,5,6
5/14/18,104,40,53,10,6,5
5/15/18,74,47,50,7,5,5
5/16/18,79,47,55,8,7,6
5/17/18,87,63,53,9,6,6
5/18/18,107,79,50,10,6,6
5/19/18,120,68,54,8,6,6
5/20/18,118,63,52,8,5,7
5/21/18,105,60,47,10,5,6
5/22/18,94,59,55,11,5,7
5/23/18,96,50,35,16,5,7
5/24/18,78,33,40,7,4,7
5/25/18,71,35,41,6,4,6
5/26/18,71,57,50,13,7,7
5/27/18,97,48,39,12,5,6
5/28/18,77,50,41,14,7,8
5/29/18,86,29,25,13,5,8
5/30/18,56,23,22,8,4,7
5/31/18,58,24,32,11,4,6
6/1/18,51,46,41,18,5,8
6/2/18,84,37,28,14,7,7
6/3/18,66,27,22,14,3,7
6/4/18,57,29,33,15,2,11
6/5/18,75,37,72,19,6,10
6/6/18,66,83,95,32,9,10
6/7/18,137,74,83,27,8,8
6/8/18,128,59,85,13,8,8
6/9/18,112,38,44,13,5,7
6/10/18,77,46,22,21,6,8
6/11/18,93,20,16,13,5,8
6/12/18,53,20,22,10,4,7
6/13/18,45,22,22,8,5,7
6/14/18,49,19,32,17,4,8
6/15/18,62,40,28,19,5,9
6/16/18,74,38,37,12,5,7
6/17/18,72,45,35,9,5,7
6/18/18,69,57,36,8,5,7
6/19/18,85,68,36,9,5,9
6/20/18,98,53,35,9,5,8
6/21/18,91,45,32,8,5,7
6/22/18,79,47,24,12,6,7
6/23/18,72,44,29,17,6,8
6/24/18,81,44,29,15,5,8
6/25/18,80,32,20,13,5,6
6/26/18,72,26,18,9,3,6
6/27/18,55,21,24,7,4,5
6/28/18,46,30,23,8,5,5
6/29/18,45,33,22,8,6,6
6/30/18,52,37,15,9,6,6
7/1/18,58,28,23,8,7,6
1/2/18,83,32,21,15,8,9
1/3/18,69,27,21,18,6,8
1/4/18,74,21,29,12,6,7
1/5/18,51,38,30,17,9,7
1/6/18,73,35,31,14,7,7
1/7/18,67,36,30,14,6,9
1/8/18,57,63,32,22,10,9
1/9/18,93,73,10,20,7,12
1/10/18,160,46,13,18,5,12
1/11/18,119,58,29,18,8,8
1/12/18,142,52,26,16,7,8
1/13/18,127,48,21,14,5,11
1/14/18,106,35,27,11,5,8
1/15/18,85,37,28,14,7,9
1/16/18,84,53,37,20,8,10
1/17/18,110,75,34,22,13,14
1/18/18,121,53,32,16,6,9
1/19/18,119,64,34,19,8,10
1/20/18,124,40,32,12,6,9
1/21/18,81,51,35,16,6,8
1/22/18,94,83,34,21,9,11
1/23/18,135,63,37,19,8,11
1/24/18,126,45,37,13,6,8
1/25/18,88,49,34,13,6,8
1/26/18,82,45,36,13,8,8
1/27/18,80,41,36,12,7,8
1/28/18,76,57,41,20,8,10
1/29/18,111,67,18,20,6,14
1/30/18,145,51,41,16,6,12
1/31/18,117,51,24,16,7,15
2/1/18,119,55,31,14,7,12
2/2/18,129,49,22,16,7,9
2/3/18,107,68,20,21,6,10
2/4/18,161,52,10,19,5,10
2/5/18,147,49,23,19,6,11
2/6/18,117,67,23,21,7,14
2/7/18,163,57,11,19,5,12
2/8/18,155,43,38,15,8,11
2/9/18,117,45,43,10,6,7
2/10/18,92,47,45,10,7,6
2/11/18,99,65,47,18,8,10
2/12/18,146,64,48,16,7,12
2/13/18,154,53,44,11,5,9
2/14/18,113,41,39,6,5,7
2/15/18,96,36,42,6,9,6
2/16/18,76,69,54,12,15,7
2/17/18,146,40,45,13,6,8
2/18/18,127,36,48,7,5,8
2/19/18,78,39,47,10,7,8
2/20/18,87,41,50,10,6,8
2/21/18,95,44,49,9,7,8
2/22/18,100,46,53,11,9,10
2/23/18,102,51,55,11,6,12
2/24/18,123,55,54,13,7,9
2/25/18,126,70,65,20,8,10
2/26/18,146,59,49,10,7,10
2/27/18,131,48,47,13,7,10
2/28/18,107,58,51,21,10,11
3/1/18,120,44,43,11,8,10
3/2/18,94,50,46,9,9,8
3/3/18,98,51,49,9,8,7
3/4/18,117,47,56,9,6,8
3/5/18,108,57,48,17,8,9
3/6/18,118,61,62,14,10,9
3/7/18,126,70,65,22,9,13
3/8/18,148,50,61,16,6,9
3/9/18,102,51,62,14,6,8
3/10/18,111,60,56,13,9,9
3/11/18,150,58,60,15,8,9
3/12/18,140,50,59,13,7,9
3/13/18,126,55,59,14,9,8
3/14/18,127,61,63,15,9,9
3/15/18,131,73,63,22,10,10
3/16/18,148,66,65,20,7,10
3/17/18,154,82,68,23,10,11
3/18/18,166,61,61,11,8,7
3/19/18,135,50,59,13,8,6
3/20/18,99,69,75,26,9,10
3/21/18,136,74,83,19,9,11
3/22/18,150,66,75,15,5,11
3/23/18,153,67,70,13,6,11
3/24/18,157,62,71,15,7,9
3/25/18,139,79,88,21,8,9
3/26/18,157,70,62,17,7,12
3/27/18,145,70,44,26,7,14
3/28/18,159,56,53,24,6,15
3/29/18,115,75,62,21,7,13
3/30/18,137,74,66,20,7,10
3/31/18,145,89,66,24,8,10
4/1/18,154,67,80,17,7,7
10/2/17,65,41,23,14,5,9
10/3/17,65,46,32,14,6,7
10/4/17,90,34,28,12,6,7
10/5/17,76,51,37,10,8,8
10/6/17,68,50,41,13,9,10
10/7/17,76,53,40,15,5,7
10/8/17,89,35,28,13,4,7
10/9/17,67,42,36,16,8,8
10/10/17,74,56,23,20,7,9
10/11/17,103,26,21,16,4,8
10/12/17,55,33,20,14,5,7
10/13/17,54,34,19,13,5,7
10/14/17,60,33,18,13,5,7
10/15/17,64,23,17,11,6,9
10/16/17,62,22,26,9,6,7
10/17/17,46,30,16,14,6,8
10/18/17,61,49,11,17,7,10
10/19/17,96,43,31,15,6,9
10/20/17,84,47,25,15,9,12
10/21/17,89,40,20,18,6,11
10/22/17,77,33,7,14,6,9
10/23/17,90,23,14,15,4,8
10/24/17,62,30,15,18,5,9
10/25/17,75,33,26,15,8,11
10/26/17,74,45,34,16,7,9
10/27/17,90,62,39,19,7,9
10/28/17,113,85,39,22,8,10
10/29/17,137,74,30,22,8,10
10/30/17,138,57,49,17,7,8
10/31/17,113,69,55,26,10,9
11/1/17,130,82,36,27,11,12
11/2/17,142,85,24,26,11,11
11/3/17,161,45,30,21,9,7
11/4/17,91,59,46,21,9,7
11/5/17,99,75,53,30,10,8
11/6/17,128,112,35,35,14,13
11/7/17,168,92,29,23,12,12
11/8/17,169,71,45,24,7,9
11/9/17,150,84,30,24,7,12
11/10/17,144,67,33,18,10,13
11/11/17,126,85,34,21,11,11
11/12/17,131,74,36,21,12,11
11/13/17,123,58,38,23,13,10
11/14/17,98,68,37,23,10,12
11/15/17,114,73,37,21,11,11
11/16/17,120,57,31,17,10,11
11/17/17,101,37,25,15,9,8
11/18/17,67,76,15,21,10,11
11/19/17,152,51,34,16,8,8
11/20/17,103,73,11,22,10,12
11/21/17,137,51,29,14,8,10
11/22/17,94,57,10,16,6,11
11/23/17,108,40,10,14,5,10
11/24/17,94,46,12,17,10,10
11/25/17,108,54,12,19,9,11
11/26/17,141,39,29,15,9,9
11/27/17,89,30,25,14,8,9
11/28/17,73,32,30,15,10,7
11/29/17,65,38,30,18,13,9
11/30/17,73,60,31,22,10,12
12/1/17,110,45,29,16,7,8
12/2/17,89,52,29,16,10,7
12/3/17,76,59,31,20,10,8
12/4/17,93,67,24,22,9,10
12/5/17,129,60,31,19,9,9
12/6/17,127,47,31,13,8,6
12/7/17,82,57,30,20,13,9
12/8/17,92,54,11,17,8,11
12/9/17,106,72,16,19,8,12
12/10/17,152,104,22,25,13,17
12/11/17,166,60,25,15,9,10
12/12/17,119,44,25,13,9,11
12/13/17,71,38,37,13,8,11
12/14/17,65,55,35,20,14,13
12/15/17,80,59,36,22,8,11
12/16/17,90,64,10,17,7,11
12/17/17,126,69,12,21,8,10
12/18/17,145,65,11,17,7,14
12/19/17,150,48,34,17,6,11
12/20/17,89,63,39,23,9,11
12/21/17,106,78,47,28,10,10
12/22/17,138,59,36,25,8,9
12/23/17,119,78,35,27,9,12
12/24/17,135,95,50,26,9,8
12/25/17,174,130,39,39,13,15
12/26/17,191,114,28,41,12,19
12/27/17,173,106,23,31,12,14
12/28/17,178,55,32,19,14,9
12/29/17,130,60,32,22,10,9
12/30/17,131,66,23,21,7,10
12/31/17,141,58,13,19,8,11
1/1/18,138,38,24,14,8,10
7/2/17,67,25,16,13,6,8
7/3/17,69,24,28,15,5,8
7/4/17,69,41,38,16,6,8
7/5/17,78,36,33,11,7,7
7/6/17,76,33,25,9,6,8
7/7/17,62,35,11,16,7,8
7/8/17,62,48,37,17,8,9
7/9/17,83,35,36,17,10,7
7/10/17,87,61,58,26,14,10
7/11/17,103,77,52,30,9,9
7/12/17,110,47,28,21,7,8
7/13/17,91,34,22,14,6,8
7/14/17,63,36,21,15,5,8
7/15/17,59,38,22,16,8,8
7/16/17,75,40,23,15,7,8
7/17/17,75,31,24,13,7,6
7/18/17,69,33,27,13,6,6
7/19/17,57,42,32,13,8,8
7/20/17,64,33,57,10,5,7
7/21/17,45,38,23,12,6,7
7/22/17,61,19,15,14,6,7
7/23/17,63,33,27,14,7,7
7/24/17,78,56,48,19,10,9
7/25/17,81,54,36,17,7,8
7/26/17,104,48,42,14,7,7
7/27/17,79,58,72,18,10,9
7/28/17,105,55,60,20,7,7
7/29/17,95,53,72,16,7,7
7/30/17,87,76,74,25,7,8
7/31/17,122,64,42,19,6,8
8/1/17,108,42,42,14,5,8
8/2/17,79,66,53,20,8,8
8/3/17,114,64,69,23,9,10
8/4/17,117,53,47,18,6,6
8/5/17,93,50,31,16,5,6
8/6/17,81,44,37,11,5,5
8/7/17,66,33,35,9,7,6
8/8/17,53,28,16,10,7,5
8/9/17,54,28,41,16,5,5
8/10/17,63,38,30,19,7,8
8/11/17,76,29,20,10,7,7
8/12/17,73,34,22,10,8,7
8/13/17,66,32,24,9,8,7
8/14/17,57,41,17,14,7,8
8/15/17,71,45,27,22,6,8
8/16/17,96,44,45,16,5,7
8/17/17,87,38,28,12,7,5
8/18/17,77,23,24,9,4,6
8/19/17,58,32,30,11,7,6
8/20/17,62,33,25,10,7,7
8/21/17,54,43,32,11,8,7
8/22/17,66,49,36,12,10,8
8/23/17,74,64,30,20,9,9
8/24/17,109,41,23,17,5,7
8/25/17,84,17,21,10,4,5
8/26/17,55,33,24,12,6,6
8/27/17,64,40,41,13,6,6
8/28/17,76,45,33,17,6,9
8/29/17,86,34,24,14,6,6
8/30/17,69,27,23,12,6,6
8/31/17,68,29,27,11,7,6
9/1/17,57,39,24,12,8,8
9/2/17,60,35,23,10,8,8
9/3/17,62,39,29,11,9,8
9/4/17,69,42,26,10,8,7
9/5/17,63,42,30,12,9,8
9/6/17,72,25,16,11,4,5
9/7/17,61,,,,,
9/12/17,67,76,69,29,9,9
9/13/17,130,44,38,16,6,7
9/14/17,82,48,36,16,8,6
9/15/17,101,52,37,18,6,6
9/16/17,106,56,24,18,7,6
9/17/17,87,43,34,18,8,6
9/18/17,73,35,27,17,14,6
9/19/17,66,33,24,14,9,5
9/20/17,55,47,31,16,10,7
9/21/17,82,35,15,16,6,7
9/22/17,73,39,22,14,5,7
9/23/17,75,32,31,13,7,8
9/24/17,64,42,28,16,10,11
9/25/17,74,48,39,18,9,9
9/26/17,85,45,31,13,6,7
9/27/17,87,26,22,11,5,7
9/28/17,55,51,25,16,9,9
9/29/17,91,39,23,15,6,8
9/30/17,76,43,30,15,10,10
10/1/17,83,42,25,12,9,8
4/2/17,92,41,33,14,5,10
4/3/17,73,43,52,8,5,10
4/4/17,71,44,52,9,6,10
4/5/17,67,47,48,9,6,10
4/6/17,74,48,51,13,8,9
4/7/17,68,55,44,12,6,9
4/8/17,80,57,45,8,6,8
4/9/17,77,60,56,8,5,8
4/10/17,86,75,71,8,6,9
4/11/17,98,80,78,10,8,10
4/12/17,120,98,80,17,10,12
4/13/17,148,82,62,13,5,11
4/14/17,151,76,66,11,5,12
4/15/17,136,80,66,8,6,11
4/16/17,149,76,45,11,6,12
4/17/17,137,35,37,18,5,10
4/18/17,76,46,33,17,10,10
4/19/17,77,49,40,18,9,12
4/20/17,66,63,49,17,9,11
4/21/17,79,36,29,15,8,11
4/22/17,109,48,28,15,7,11
4/23/17,79,59,35,15,7,11
4/24/17,79,36,31,14,6,12
4/25/17,60,58,34,16,7,12
4/26/17,79,58,39,18,8,12
4/27/17,89,74,24,23,7,12
4/28/17,116,62,45,18,6,11
4/29/17,81,80,54,17,7,11
4/30/17,108,68,54,9,8,11
5/1/17,93,62,57,10,9,10
5/2/17,89,63,51,7,9,9
5/3/17,80,59,53,7,7,8
5/4/17,75,59,64,11,8,11
5/5/17,71,75,61,12,8,12
5/6/17,98,87,60,17,7,14
5/7/17,113,72,51,9,9,13
5/8/17,95,62,65,13,9,15
5/9/17,89,71,62,16,10,14
5/10/17,98,68,58,11,8,14
5/11/17,90,61,50,8,7,12
5/12/17,88,52,57,13,8,12
5/13/17,72,77,62,22,13,15
5/14/17,89,55,46,8,7,15
5/15/17,73,61,46,10,7,11
5/16/17,90,54,42,14,7,13
5/17/17,81,50,36,19,8,14
5/18/17,74,55,32,19,8,12
5/19/17,83,45,39,12,8,10
5/20/17,70,51,41,12,10,9
5/21/17,63,58,48,11,8,10
5/22/17,76,59,44,10,8,9
5/23/17,78,69,48,14,9,10
5/24/17,86,52,29,13,8,8
5/25/17,81,37,44,13,7,8
5/26/17,61,49,60,16,11,9
5/27/17,62,69,99,22,11,10
5/28/17,95,67,83,14,9,10
5/29/17,91,62,81,11,10,10
5/30/17,89,52,47,9,8,10
5/31/17,73,35,38,6,6,10
6/1/17,55,42,48,7,8,10
6/2/17,55,47,49,8,8,9
6/3/17,60,40,47,8,10,9
6/4/17,56,41,49,7,9,9
6/5/17,55,46,83,9,8,9
6/6/17,69,55,55,15,8,9
6/7/17,83,47,82,15,8,9
6/8/17,75,53,75,9,10,9
6/9/17,77,42,50,7,5,8
6/10/17,59,41,56,7,6,8
6/11/17,51,37,36,8,6,8
6/12/17,52,42,45,8,6,8
6/13/17,53,33,46,14,6,7
6/14/17,61,38,40,9,6,7
6/15/17,53,37,29,11,6,10
6/16/17,84,40,29,15,7,8
6/17/17,107,47,35,14,7,8
6/18/17,73,42,41,12,8,8
6/19/17,74,51,31,16,6,9
6/20/17,88,40,58,14,6,8
6/21/17,78,36,26,12,7,8
6/22/17,62,48,30,13,12,7
6/23/17,71,44,32,9,7,7
6/24/17,72,40,28,9,7,7
6/25/17,61,49,18,15,6,8
6/26/17,67,44,32,15,6,8
6/27/17,84,47,24,19,5,8
6/28/17,71,42,25,15,6,8
6/29/17,72,25,17,9,6,7
6/30/17,48,26,14,9,6,8
7/1/17,52,28,18,11,7,8
1/3/17,110,34,15,17,6,8
1/4/17,70,29,28,13,5,6
1/5/17,47,42,25,12,8,6
1/6/17,75,52,20,14,7,8
1/7/17,83,65,33,14,7,10
1/8/17,106,61,35,15,8,6
1/9/17,92,56,31,14,8,6
1/10/17,80,48,31,14,9,6
1/11/17,69,72,22,19,9,9
1/12/17,98,53,31,16,8,7
1/13/17,73,62,33,17,8,7
1/14/17,89,40,36,12,6,4
1/15/17,54,62,38,18,9,6
1/16/17,83,40,35,12,6,5
1/17/17,89,52,36,13,6,6
1/18/17,69,48,37,14,6,6
1/19/17,63,54,39,15,8,6
1/20/17,72,57,40,16,7,6
1/21/17,76,53,38,14,6,6
1/22/17,75,58,37,13,7,7
1/23/17,95,46,38,11,7,7
1/24/17,70,35,37,6,6,5
1/25/17,58,54,39,11,7,6
1/26/17,97,43,38,11,7,7
1/27/17,80,46,35,8,8,5
1/28/17,77,44,33,3,9,4
1/29/17,82,36,43,6,8,5
1/30/17,65,45,45,12,5,4
1/31/17,77,38,38,5,5,5
2/1/17,59,42,42,12,7,5
2/2/17,76,40,44,9,6,6
2/3/17,70,38,41,12,6,6
2/4/17,65,53,41,17,14,6
2/5/17,86,62,41,17,10,7
2/6/17,86,60,46,14,8,7
2/7/17,93,49,44,8,7,6
2/8/17,79,72,38,18,11,7
2/9/17,133,73,23,20,6,8
2/10/17,139,67,20,16,7,6
2/11/17,121,55,17,15,6,5
2/12/17,103,60,44,14,7,4
2/13/17,112,57,48,12,6,3
2/14/17,89,54,48,9,8,3
2/15/17,93,56,38,11,6,8
2/16/17,108,50,46,10,8,7
2/17/17,84,67,51,15,9,10
2/18/17,93,78,48,19,8,10
2/19/17,108,54,48,10,7,7
2/20/17,86,55,45,10,6,7
2/21/17,84,61,51,10,6,8
2/22/17,103,62,54,10,6,7
2/23/17,98,69,54,15,8,7
2/24/17,102,74,21,17,10,10
2/25/17,146,57,18,14,7,9
2/26/17,118,64,21,16,7,10
2/27/17,110,59,24,16,6,10
2/28/17,109,68,54,17,7,12
3/1/17,112,81,26,20,9,11
3/2/17,145,74,44,14,8,11
3/3/17,140,67,49,12,7,11
3/4/17,105,72,68,13,8,9
3/5/17,104,74,60,13,13,8
3/6/17,115,89,66,16,9,10
3/7/17,136,78,61,15,11,11
3/8/17,116,68,49,18,12,10
3/9/17,117,51,40,18,8,10
3/10/17,93,52,47,10,9,9
3/11/17,80,70,45,17,9,10
3/12/17,103,33,32,9,5,9
3/13/17,56,39,42,8,5,9
3/14/17,65,57,57,14,12,9
3/15/17,74,78,52,16,8,8
3/16/17,77,86,63,21,9,11
3/17/17,110,80,66,18,8,11
3/18/17,117,72,56,16,9,11
3/19/17,119,85,60,21,11,11
3/20/17,113,121,52,25,9,10
3/21/17,123,60,49,14,7,10
3/22/17,95,54,50,10,6,8
3/23/17,68,73,50,19,10,10
3/24/17,91,77,64,16,9,11
3/25/17,112,87,42,18,10,13
3/26/17,142,49,27,19,8,12
3/27/17,102,63,34,18,7,12
3/28/17,120,40,47,11,6,12
3/29/17,81,69,48,17,9,13
3/30/17,113,79,50,19,6,13
3/31/17,136,44,42,14,6,9
4/1/17,80,55,38,18,8,9
10/2/16,110,39,39,16,9,5
10/3/16,77,55,73,21,7,5
10/4/16,110,63,58,19,7,6
10/5/16,106,62,57,20,8,5
10/6/16,104,55,49,14,6,4
10/7/16,103,46,35,14,7,7
10/8/16,94,39,24,18,9,5
10/9/16,83,36,25,10,4,3
10/10/16,75,34,20,12,7,4
10/11/16,68,34,26,10,6,5
10/12/16,65,45,18,15,5,4
10/13/16,99,46,36,14,4,5
10/14/16,95,50,28,11,6,4
10/15/16,101,65,17,19,8,5
10/16/16,134,59,24,14,7,4
10/17/16,95,33,18,13,8,5
10/18/16,73,54,17,17,8,7
10/19/16,92,62,79,16,7,6
10/20/16,98,82,32,19,8,9
10/21/16,103,90,81,22,7,11
10/22/16,83,87,83,19,9,9
10/23/16,78,67,29,17,9,9
10/24/16,71,56,21,15,11,8
10/25/16,75,48,28,14,9,11
10/26/16,68,34,16,10,6,6
10/27/16,50,33,13,9,6,5
10/28/16,52,44,18,11,7,8
10/29/16,63,38,159,15,6,8
10/30/16,64,45,17,14,4,6
10/31/16,69,37,16,21,4,8
11/1/16,62,37,16,15,4,6
11/2/16,65,44,169,14,6,8
11/3/16,86,38,110,13,5,5
11/4/16,65,42,24,11,8,7
11/5/16,62,44,22,12,8,6
11/6/16,61,48,21,12,7,7
11/7/16,69,42,55,12,9,7
11/8/16,65,55,11,14,5,5
11/9/16,77,35,11,13,5,5
11/10/16,63,53,19,14,8,6
11/11/16,95,42,20,11,7,7
11/12/16,65,33,26,9,8,4
11/13/16,46,41,31,11,7,5
11/14/16,52,47,33,14,8,5
11/15/16,65,67,158,18,7,5
11/16/16,82,51,47,14,12,6
11/17/16,63,65,138,15,16,7
11/18/16,90,53,39,19,7,7
11/19/16,66,86,38,21,11,7
11/20/16,84,73,40,19,11,8
11/21/16,90,70,43,21,12,8
11/22/16,95,74,50,22,16,8
11/23/16,100,76,43,21,10,7
11/24/16,104,68,220,17,8,6
11/25/16,91,43,38,15,9,6
11/26/16,60,72,33,17,9,5
11/27/16,98,82,27,22,9,7
11/28/16,89,89,132,20,10,8
11/29/16,101,30,25,16,7,6
11/30/16,59,31,13,17,5,5
12/1/16,68,49,11,18,7,7
12/2/16,98,40,19,15,7,6
12/3/16,78,39,27,13,8,4
12/4/16,65,68,30,18,9,8
12/5/16,83,103,32,28,11,10
12/6/16,122,69,42,21,8,4
12/7/16,107,103,29,31,9,11
12/8/16,146,124,44,33,12,13
12/9/16,156,121,33,32,11,12
12/10/16,145,94,32,29,13,10
12/11/16,138,72,37,17,11,6
12/12/16,99,57,37,18,9,5
12/13/16,65,76,35,24,12,7
12/14/16,114,67,64,21,11,9
12/15/16,95,67,17,20,7,10
12/16/16,115,55,24,15,7,11
12/17/16,95,45,29,10,7,9
12/18/16,66,43,29,11,6,8
12/19/16,55,43,29,13,7,8
12/20/16,58,42,26,12,9,6
12/21/16,58,65,29,21,13,9
12/22/16,85,82,19,21,11,9
12/23/16,138,59,31,16,12,9
12/24/16,93,43,35,9,6,5
12/25/16,55,44,36,9,6,6
12/26/16,59,66,41,17,9,10
12/27/16,90,53,21,15,8,9
12/28/16,93,63,34,19,6,11
12/29/16,99,80,47,22,11,12
12/30/16,120,59,42,20,11,12
12/31/16,92,66,37,20,13,10
1/1/17,97,,,,,
7/2/16,63,46,29,24,8,8
7/3/16,92,24,17,9,7,6
7/4/16,52,32,23,9,8,6
7/5/16,43,34,28,12,9,7
7/6/16,60,32,38,12,6,5
7/7/16,68,23,23,10,5,5
7/8/16,44,28,29,9,6,6
7/9/16,52,32,31,11,8,7
7/10/16,90,38,37,11,12,9
7/11/16,66,41,37,17,7,7
7/12/16,76,51,32,17,8,9
7/13/16,94,45,45,13,8,9
7/14/16,74,44,35,10,8,5
7/15/16,88,31,42,11,6,6
7/16/16,64,20,17,8,9,7
7/17/16,120,23,21,8,9,7
7/18/16,117,25,17,9,9,7
7/19/16,78,24,16,9,7,7
7/20/16,55,23,20,9,6,8
7/21/16,48,19,18,8,6,6
7/22/16,47,22,12,7,6,7
7/23/16,39,21,14,7,7,7
7/24/16,45,26,21,9,10,6
7/25/16,43,46,41,12,10,9
7/26/16,70,63,47,18,11,9
7/27/16,90,67,40,20,9,9
7/28/16,98,39,27,13,6,5
7/29/16,72,41,23,10,6,5
7/30/16,51,25,27,9,5,6
7/31/16,53,43,33,12,7,8
8/1/16,74,38,37,16,6,7
8/2/16,66,64,51,23,9,9
8/3/16,109,49,44,19,6,8
8/4/16,83,40,28,19,6,7
8/5/16,78,29,30,13,5,7
8/6/16,64,37,32,14,6,7
8/7/16,76,37,34,18,5,7
8/8/16,68,61,101,23,8,10
8/9/16,115,45,42,15,9,8
8/10/16,84,41,53,21,6,7
8/11/16,100,37,38,16,6,6
8/12/16,74,38,38,15,7,6
8/13/16,71,38,35,16,6,6
8/14/16,69,32,36,11,6,5
8/15/16,65,26,30,12,6,5
8/16/16,54,33,42,11,7,7
8/17/16,70,58,50,16,7,9
8/18/16,113,69,51,20,8,10
8/19/16,120,50,36,9,7,6
8/20/16,77,31,22,11,6,5
8/21/16,62,36,36,14,8,7
8/22/16,63,51,44,19,7,7
8/23/16,93,40,49,14,6,7
8/24/16,84,51,57,18,8,8
8/25/16,91,63,71,20,8,9
8/26/16,112,66,59,25,10,9
8/27/16,120,48,43,20,9,9
8/28/16,102,36,37,16,6,8
8/29/16,85,42,50,12,6,8
8/30/16,77,45,33,10,7,8
8/31/16,81,27,30,9,8,7
9/1/16,49,32,23,15,10,6
9/2/16,64,44,54,20,9,6
9/3/16,83,59,42,21,11,8
9/4/16,119,59,20,16,7,7
9/5/16,133,55,32,16,7,6
9/6/16,120,56,38,14,7,6
9/7/16,115,55,23,18,8,8
9/8/16,113,39,35,13,6,7
9/9/16,79,33,30,11,7,8
9/10/16,69,26,35,10,7,4
9/11/16,56,40,53,11,8,4
9/12/16,67,56,51,18,9,6
9/13/16,108,52,36,16,13,7
9/14/16,105,45,42,14,11,6
9/15/16,80,64,34,17,11,8
9/16/16,96,28,22,15,7,8
9/17/16,60,34,24,19,7,8
9/18/16,63,38,26,14,7,8
9/19/16,78,39,28,14,5,7
9/20/16,79,27,34,14,5,7
9/21/16,70,54,40,17,7,8
9/22/16,127,56,48,36,6,7
9/23/16,125,62,42,20,9,10
9/24/16,143,56,37,16,10,10
9/25/16,119,51,39,15,8,7
9/26/16,100,48,36,16,10,11
9/27/16,86,66,38,18,8,8
9/28/16,98,36,30,12,9,3
9/29/16,71,57,48,19,13,4
9/30/16,85,60,21,23,9,5
10/1/16,116,54,32,16,5,5
4/2/16,109,53,44,12,13,11
4/3/16,103,36,45,8,9,11
4/4/16,82,51,43,11,9,14
4/5/16,90,55,45,7,7,12
4/6/16,111,45,43,7,8,11
4/7/16,89,57,50,12,10,13
4/8/16,98,54,42,8,10,12
4/9/16,91,63,44,16,10,14
4/10/16,108,49,54,7,9,10
4/11/16,75,66,57,15,10,12
4/12/16,118,70,54,15,14,13
4/13/16,128,79,55,18,10,13
4/14/16,134,60,52,14,10,11
4/15/16,103,54,45,14,15,12
4/16/16,93,55,53,15,10,11
4/17/16,90,41,46,19,9,12
4/18/16,93,52,42,15,10,12
4/19/16,87,50,47,17,10,12
4/20/16,93,42,48,16,14,12
4/21/16,82,66,48,20,10,14
4/22/16,135,61,51,15,12,11
4/23/16,102,43,42,12,12,9
4/24/16,80,35,41,13,9,10
4/25/16,79,38,45,12,10,11
4/26/16,69,49,54,9,9,7
4/27/16,72,69,64,18,8,10
4/28/16,122,64,58,15,9,11
4/29/16,116,77,52,23,10,12
4/30/16,143,61,66,14,9,10
5/1/16,114,60,65,8,9,9
5/2/16,103,58,74,8,10,9
5/3/16,96,82,70,22,9,12
5/4/16,118,44,53,12,7,8
5/5/16,72,46,54,10,9,8
5/6/16,80,54,50,14,11,10
5/7/16,98,38,53,8,8,7
5/8/16,69,50,55,10,9,8
5/9/16,83,42,58,9,9,7
5/10/16,74,59,77,16,11,8
5/11/16,88,54,65,15,9,8
5/12/16,87,60,58,17,9,10
5/13/16,89,53,60,14,7,9
5/14/16,88,41,46,10,7,9
5/15/16,70,49,44,14,7,7
5/16/16,72,68,53,11,10,8
5/17/16,92,50,44,11,11,9
5/18/16,65,41,39,11,9,5
5/19/16,63,36,41,9,9,5
5/20/16,60,47,79,16,7,5
5/21/16,71,50,36,17,6,5
5/22/16,96,26,21,13,5,6
5/23/16,65,24,26,14,6,6
5/24/16,55,18,36,13,5,6
5/25/16,43,38,36,13,7,12
5/26/16,66,33,35,15,6,6
5/27/16,69,30,44,11,7,7
5/28/16,57,53,56,11,10,6
5/29/16,52,64,62,13,8,6
5/30/16,74,49,40,9,7,5
5/31/16,78,30,41,7,6,5
6/1/16,51,33,32,7,6,6
6/2/16,54,25,31,6,6,5
6/3/16,31,31,56,11,6,5
6/4/16,43,45,76,18,9,6
6/5/16,83,35,60,13,10,6
6/6/16,58,52,71,20,10,7
6/7/16,80,38,40,14,9,11
6/8/16,65,45,89,19,8,7
6/9/16,65,38,41,10,8,7
6/10/16,73,28,37,8,8,6
6/11/16,49,23,33,13,7,6
6/12/16,45,17,31,13,6,5
6/13/16,31,22,35,13,5,6
6/14/16,43,30,35,10,10,7
6/15/16,52,31,36,10,8,7
6/16/16,53,23,35,13,6,5
6/17/16,38,30,26,10,9,7
6/18/16,52,24,23,7,7,5
6/19/16,35,21,18,8,9,6
6/20/16,34,27,18,9,7,6
6/21/16,48,24,13,11,8,8
6/22/16,41,22,19,9,5,6
6/23/16,28,29,21,9,7,7
6/24/16,31,37,22,12,9,9
6/25/16,46,39,35,10,7,7
6/26/16,54,28,39,9,6,5
6/27/16,39,31,35,15,7,6
6/28/16,48,32,53,11,6,5
6/29/16,55,42,28,13,8,7
6/30/16,69,43,34,14,11,8
7/1/16,77,33,28,11,7,6
1/5/16,92,59,54,27,11,7
1/6/16,109,59,40,29,10,7
1/7/16,115,40,37,20,9,5
1/8/16,79,38,38,21,7,5
1/9/16,78,37,37,19,7,5
1/10/16,71,41,42,20,8,7
1/11/16,78,64,47,27,10,11
1/12/16,119,55,41,23,13,11
1/13/16,97,46,37,14,8,9
1/14/16,89,55,32,12,8,11
1/15/16,99,47,37,10,10,10
1/16/16,95,38,40,8,9,7
1/17/16,68,67,45,20,10,11
1/18/16,130,91,43,21,10,15
1/19/16,148,59,42,11,8,11
1/20/16,116,58,44,10,8,9
1/21/16,115,50,39,9,6,8
1/22/16,96,31,39,10,9,7
1/23/16,63,46,14,24,6,12
1/24/16,113,52,32,47,7,10
1/25/16,121,57,31,24,6,11
1/26/16,155,56,30,13,11,12
1/27/16,134,28,33,9,6,6
1/28/16,69,31,33,14,8,7
1/29/16,74,48,37,15,9,8
1/30/16,99,64,39,17,9,9
1/31/16,130,53,30,16,9,8
2/1/16,124,41,15,14,6,9
2/2/16,105,49,15,14,6,11
2/3/16,114,50,38,11,6,8
2/4/16,109,55,25,12,7,8
2/5/16,131,50,20,11,7,9
2/6/16,136,51,33,10,7,8
2/7/16,132,53,45,8,12,6
2/8/16,125,51,38,4,13,6
2/9/16,129,36,36,4,8,7
2/10/16,93,36,50,6,5,5
2/11/16,84,33,44,4,7,4
2/12/16,74,38,44,4,6,4
2/13/16,74,36,43,4,5,4
2/14/16,85,36,41,9,8,5
2/15/16,80,58,29,12,8,7
2/16/16,131,64,49,12,7,7
2/17/16,137,68,49,12,7,8
2/18/16,144,64,48,11,7,8
2/19/16,142,68,29,15,8,9
2/20/16,154,37,29,12,5,8
2/21/16,103,43,42,7,6,10
2/22/16,105,66,51,13,11,13
2/23/16,147,70,38,13,10,12
2/24/16,138,39,29,12,7,9
2/25/16,103,37,22,15,5,10
2/26/16,108,36,37,14,8,9
2/27/16,93,74,27,24,13,16
2/28/16,159,83,45,20,9,15
2/29/16,144,55,45,17,9,8
3/1/16,112,42,40,10,11,7
3/2/16,85,41,42,10,8,7
3/3/16,87,44,49,8,7,8
3/4/16,91,49,50,8,7,8
3/5/16,96,73,59,17,8,10
3/6/16,134,79,51,16,9,11
3/7/16,138,55,50,8,8,8
3/8/16,114,54,67,8,9,7
3/9/16,94,55,47,12,10,9
3/10/16,102,69,36,15,11,11
3/11/16,138,72,43,15,8,11
3/12/16,135,57,49,9,8,8
3/13/16,102,58,53,10,8,8
3/14/16,107,65,50,10,7,10
3/15/16,128,58,48,8,10,8
3/16/16,101,60,53,8,7,9
3/17/16,122,62,49,8,8,9
3/18/16,119,52,52,10,8,8
3/19/16,85,61,54,12,7,10
3/20/16,119,66,50,10,9,10
3/21/16,132,65,46,13,8,10
3/22/16,127,69,49,13,12,13
3/23/16,128,69,49,13,9,10
3/24/16,109,33,28,9,8,12
3/25/16,80,56,45,11,6,14
3/26/16,105,64,46,14,8,17
3/27/16,132,42,28,11,5,13
3/28/16,103,65,54,12,6,15
3/29/16,135,75,53,10,6,18
3/30/16,158,50,58,10,7,11
3/31/16,100,58,46,12,9,12
4/1/16,104,56,45,10,11,11
10/2/15,81,41,44,13,10,6
10/3/15,72,37,43,10,7,7
10/4/15,74,41,32,11,7,6
10/5/15,84,40,35,10,7,6
10/6/15,81,46,39,12,12,8
10/7/15,84,41,32,12,12,8
10/8/15,87,37,24,14,10,7
10/9/15,71,20,37,14,4,5
10/10/15,49,21,39,12,4,5
10/11/15,41,39,44,15,9,4
10/12/15,73,36,37,20,9,4
10/13/15,90,47,29,21,6,5
10/14/15,115,66,17,28,12,10
10/15/15,157,86,42,22,9,13
10/16/15,153,70,35,19,9,9
10/17/15,129,62,30,17,10,10
10/18/15,111,66,37,18,8,9
10/19/15,115,49,39,21,9,8
10/20/15,105,63,40,21,10,10
10/21/15,125,67,40,19,9,10
10/22/15,126,56,39,17,8,10
10/23/15,113,51,37,16,9,9
10/24/15,100,42,40,14,11,8
10/25/15,90,49,39,16,11,8
10/26/15,96,63,40,18,9,8
10/27/15,103,59,36,16,9,7
10/28/15,103,44,39,14,12,6
10/29/15,72,47,39,17,11,7
10/30/15,82,56,36,20,10,8
10/31/15,107,43,31,16,9,7
11/1/15,85,22,26,17,4,7
11/2/15,66,22,17,15,8,9
11/3/15,72,23,26,10,8,7
11/4/15,54,28,29,11,8,5
11/5/15,59,33,29,12,8,6
11/6/15,61,29,29,10,8,5
11/7/15,54,37,32,15,10,6
11/8/15,72,55,35,18,12,10
11/9/15,99,76,37,18,10,9
11/10/15,116,50,32,15,10,8
11/11/15,93,32,19,17,8,9
11/12/15,81,28,31,14,9,7
11/13/15,64,53,31,18,12,10
11/14/15,107,37,34,13,12,11
11/15/15,86,25,28,9,7,5
11/16/15,56,39,27,16,9,7
11/17/15,71,34,32,12,11,7
11/18/15,67,53,34,21,14,10
11/19/15,91,49,26,20,12,9
11/20/15,100,88,35,26,14,16
11/21/15,144,81,35,19,10,13
11/22/15,124,47,35,16,10,7
11/23/15,81,47,36,17,12,10
11/24/15,78,40,35,15,8,8
11/25/15,77,58,37,19,10,9
11/26/15,114,53,15,19,6,12
11/27/15,129,41,25,13,7,11
11/28/15,95,32,31,12,7,7
11/29/15,59,45,33,17,10,11
11/30/15,83,34,29,14,9,8
12/1/15,66,32,31,10,6,12
12/2/15,58,54,28,20,7,19
12/3/15,88,35,29,17,8,19
12/4/15,73,20,21,17,7,18
12/5/15,62,36,33,17,9,17
12/6/15,85,67,29,22,10,20
12/7/15,134,69,31,23,13,20
12/8/15,131,52,26,22,11,19
12/9/15,105,40,39,16,9,18
12/10/15,90,70,34,20,10,22
12/11/15,130,40,34,13,6,17
12/12/15,89,42,37,15,9,17
12/13/15,83,49,49,15,12,17
12/14/15,99,66,42,23,10,21
12/15/15,126,69,36,24,12,22
12/16/15,144,41,31,8,7,17
12/17/15,78,44,29,11,7,19
12/18/15,119,53,20,17,9,27
12/19/15,127,30,35,12,8,21
12/20/15,76,28,35,14,7,18
12/21/15,71,35,31,13,9,18
12/22/15,81,43,30,15,9,21
12/23/15,89,41,37,15,10,21
12/24/15,85,52,40,20,12,21
12/25/15,103,77,14,23,9,22
12/26/15,161,64,38,19,8,23
12/27/15,130,80,31,23,10,26
12/28/15,137,69,27,25,10,25
12/29/15,132,40,17,18,7,19
12/30/15,115,29,9,13,6,7
12/31/15,88,41,18,16,7,9
1/1/16,106,,,,,
7/2/15,66,38,38,8,10,8
7/3/15,61,39,36,9,9,7
7/4/15,67,24,27,10,5,7
7/5/15,61,19,33,8,4,6
7/6/15,42,40,61,12,8,7
7/7/15,76,54,80,15,10,8
7/8/15,135,61,89,18,8,8
7/9/15,130,62,67,12,8,7
7/10/15,148,51,71,12,6,7
7/11/15,111,70,104,19,9,9
7/12/15,145,82,91,22,8,10
7/13/15,150,66,78,11,6,8
7/14/15,144,54,53,9,7,8
7/15/15,110,34,42,11,7,9
7/16/15,65,43,64,16,12,7
7/17/15,77,46,47,19,8,7
7/18/15,95,51,38,22,5,8
7/19/15,131,51,38,16,10,8
7/20/15,126,60,52,21,12,9
7/21/15,128,63,42,18,7,8
7/22/15,134,26,23,8,7,5
7/23/15,64,32,42,13,7,5
7/24/15,65,41,42,17,8,6
7/25/15,94,45,53,19,9,6
7/26/15,97,76,84,26,11,9
7/27/15,148,80,60,26,11,8
7/28/15,135,37,37,17,7,6
7/29/15,106,35,33,14,7,6
7/30/15,78,34,33,9,9,4
7/31/15,74,41,39,12,8,5
8/1/15,86,26,29,10,4,3
8/2/15,55,26,24,8,6,3
8/3/15,55,27,25,9,5,3
8/4/15,56,29,23,10,5,7
8/5/15,65,26,21,11,5,9
8/6/15,65,39,34,12,7,8
8/7/15,83,31,25,11,7,8
8/8/15,66,35,23,14,5,8
8/9/15,76,38,26,13,6,9
8/10/15,87,49,36,17,5,10
8/11/15,120,56,34,15,8,10
8/12/15,124,35,31,11,11,7
8/13/15,72,40,34,14,8,10
8/14/15,88,51,45,15,9,10
8/15/15,106,29,32,10,8,10
8/16/15,75,32,28,9,8,9
8/17/15,66,30,15,9,7,9
8/18/15,61,31,17,8,8,7
8/19/15,65,25,39,15,7,6
8/20/15,60,34,50,16,8,6
8/21/15,67,54,81,18,14,6
8/22/15,85,63,87,23,11,6
8/23/15,111,65,51,21,11,7
8/24/15,143,41,25,17,6,8
8/25/15,109,29,21,13,6,7
8/26/15,78,28,28,16,5,7
8/27/15,68,35,22,12,5,8
8/28/15,75,29,31,13,7,8
8/29/15,65,30,38,12,6,6
8/30/15,64,44,50,17,15,7
8/31/15,96,60,42,25,10,8
9/1/15,151,46,41,24,7,7
9/2/15,120,55,44,23,6,7
9/3/15,138,55,45,16,7,6
9/4/15,124,42,28,12,8,8
9/5/15,96,36,27,10,5,6
9/6/15,67,29,17,14,8,7
9/7/15,59,31,24,19,6,7
9/8/15,90,35,22,14,6,7
9/9/15,78,37,21,12,5,5
9/10/15,69,35,30,10,5,6
9/11/15,85,46,33,13,13,9
9/12/15,93,37,32,12,7,6
9/13/15,66,36,41,13,8,5
9/14/15,85,57,31,15,7,8
9/15/15,128,55,26,17,7,7
9/16/15,127,43,29,14,6,6
9/17/15,85,44,28,15,6,7
9/18/15,86,37,21,14,6,7
9/19/15,71,31,8,12,7,8
9/20/15,79,,,,,
9/24/15,87,33,29,10,7,6
9/25/15,62,38,31,11,12,7
9/26/15,79,39,27,12,9,8
9/27/15,77,34,28,8,6,5
9/28/15,76,31,31,8,10,6
9/29/15,68,54,40,13,10,7
9/30/15,96,61,36,15,7,6
10/1/15,115,48,37,14,8,7
4/2/15,92,50,,10,13,7
4/3/15,72,45,,8,11,8
4/4/15,62,44,,8,11,7
4/5/15,70,57,,10,16,8
4/6/15,88,64,,18,13,11
4/7/15,112,63,,19,17,12
4/8/15,128,68,,16,12,13
4/9/15,139,66,,12,14,12
4/10/15,123,53,,18,11,14
4/11/15,127,55,,17,10,13
4/12/15,116,41,,17,9,11
4/13/15,78,87,,32,18,16
4/14/15,150,73,,26,14,14
4/15/15,130,63,,21,13,14
4/16/15,134,88,,28,15,16
4/17/15,139,59,,11,13,11
4/18/15,101,48,,8,10,11
4/19/15,95,40,,9,15,11
4/20/15,70,51,,14,14,9
4/21/15,78,61,,15,14,7
4/22/15,115,38,,17,8,7
4/23/15,100,39,,16,9,6
4/24/15,79,52,,16,15,7
4/25/15,101,44,,19,9,7
4/26/15,123,44,,17,11,8
4/27/15,101,32,,13,13,7
4/28/15,73,39,,16,15,7
4/29/15,75,72,,22,14,9
4/30/15,112,51,,15,15,9
5/1/15,95,41,,10,13,7
5/2/15,71,65,,18,13,8
5/3/15,108,58,,12,14,9
5/4/15,105,75,,19,16,11
5/5/15,126,62,,13,13,9
5/6/15,104,63,,17,15,8
5/7/15,113,65,,15,17,9
5/8/15,121,61,,14,15,7
5/9/15,121,58,,17,13,7
5/10/15,104,54,,13,16,9
5/11/15,108,69,,19,12,8
5/12/15,133,52,,14,11,8
5/13/15,120,56,,8,10,7
5/14/15,103,54,,7,10,7
5/15/15,91,61,,11,14,8
5/16/15,118,47,,12,12,7
5/17/15,99,52,,10,13,8
5/18/15,105,41,36,10,14,8
5/19/15,80,40,33,9,12,8
5/20/15,79,41,45,11,10,9
5/21/15,86,27,26,13,6,9
5/22/15,86,27,27,9,7,8
5/23/15,65,35,43,12,10,8
5/24/15,80,39,50,9,9,8
5/25/15,89,52,57,10,11,8
5/26/15,86,61,54,9,9,8
5/27/15,98,56,50,9,8,9
5/28/15,95,56,45,9,8,8
5/29/15,74,52,57,10,10,8
5/30/15,89,57,57,11,9,11
5/31/15,101,51,45,7,6,7
6/1/15,78,44,45,7,6,6
6/2/15,69,48,46,9,8,6
6/3/15,76,55,33,11,7,7
6/4/15,94,50,33,7,8,7
6/5/15,91,32,36,13,4,7
6/6/15,87,42,35,8,7,7
6/7/15,81,38,39,6,10,6
6/8/15,62,40,41,11,12,8
6/9/15,87,39,41,11,8,7
6/10/15,91,39,46,9,12,5
6/11/15,71,43,36,14,7,6
6/12/15,102,46,32,16,11,7
6/13/15,104,24,31,7,10,5
6/14/15,51,27,36,8,9,6
6/15/15,54,28,30,8,8,6
6/16/15,61,34,23,6,6,5
6/17/15,51,29,24,6,8,6
6/18/15,52,37,31,8,6,7
6/19/15,66,30,34,11,4,7
6/20/15,64,25,33,6,3,7
6/21/15,61,38,35,10,6,9
6/22/15,80,37,34,10,3,8
6/23/15,91,37,46,7,4,8
6/24/15,75,44,36,9,5,7
6/25/15,85,42,34,9,5,6
6/26/15,88,22,23,8,3,6
6/27/15,53,26,25,6,6,7
6/28/15,52,25,26,5,4,5
6/29/15,46,29,27,5,5,6
6/30/15,51,31,30,5,6,6
7/1/15,57,37,28,8,11,8
1/2/15,152,50,,18,13,20
1/3/15,124,40,,17,11,14
1/4/15,105,40,,16,10,13
1/5/15,81,35,,15,8,11
1/6/15,72,36,,16,9,10
1/7/15,68,73,,23,11,16
1/8/15,125,57,,20,7,15
1/9/15,133,20,,18,4,15
1/10/15,58,39,,20,6,16
1/11/15,104,45,,20,8,16
1/12/15,125,69,,27,12,21
1/13/15,146,87,,24,13,24
1/14/15,148,76,,25,13,23
1/15/15,135,56,,21,13,21
1/16/15,109,81,,32,17,23
1/17/15,142,63,,24,8,20
1/18/15,147,25,,18,5,18
1/19/15,80,38,,23,7,22
1/20/15,111,34,,17,9,19
1/21/15,87,83,,27,12,24
1/22/15,149,85,,23,12,24
1/23/15,120,32,,15,10,17
1/24/15,65,36,,14,12,17
1/25/15,70,48,,21,9,20
1/26/15,99,48,,20,8,18
1/27/15,95,53,,20,12,21
1/28/15,91,47,,14,8,20
1/29/15,100,50,,17,11,22
1/30/15,124,61,,19,9,22
1/31/15,127,48,,14,5,20
2/1/15,104,48,,16,9,24
2/2/15,120,51,,23,7,18
2/3/15,106,81,,23,15,13
2/4/15,117,62,,21,7,9
2/5/15,112,54,,18,7,11
2/6/15,130,42,,15,4,8
2/7/15,79,50,,20,11,9
2/8/15,99,43,,14,4,10
2/9/15,107,47,,14,6,10
2/10/15,112,49,,17,19,9
2/11/15,109,59,,22,8,9
2/12/15,142,67,,23,8,9
2/13/15,137,55,,17,4,8
2/14/15,118,25,,8,2,4
2/15/15,64,39,,15,7,7
2/16/15,97,47,,16,6,9
2/17/15,113,40,,13,6,8
2/18/15,94,45,,12,7,8
2/19/15,110,52,,7,9,8
2/20/15,118,39,,10,7,8
2/21/15,97,34,,6,6,8
2/22/15,72,35,,6,7,8
2/23/15,79,29,,5,5,8
2/24/15,67,34,,8,6,9
2/25/15,79,34,,7,7,8
2/26/15,72,45,,7,5,9
2/27/15,87,50,,7,6,9
2/28/15,92,58,,11,6,10
3/1/15,110,63,,18,10,11
3/2/15,127,51,,8,11,9
3/3/15,88,44,,7,8,9
3/4/15,75,50,,5,7,9
3/5/15,71,40,,6,8,9
3/6/15,65,41,,9,14,10
3/7/15,78,46,,7,9,10
3/8/15,80,50,,13,16,11
3/9/15,96,57,,19,13,13
3/10/15,107,70,,21,11,14
3/11/15,115,80,,29,12,16
3/12/15,144,64,,19,10,14
3/13/15,123,61,,22,14,15
3/14/15,108,73,,17,10,16
3/15/15,150,59,,10,10,14
3/16/15,113,63,,15,20,15
3/17/15,114,55,,11,10,10
3/18/15,94,56,,10,14,7
3/19/15,104,59,,15,17,9
3/20/15,111,67,,23,18,9
3/21/15,130,98,,27,16,12
3/22/15,165,89,,13,9,14
3/23/15,175,91,,25,14,15
3/24/15,173,52,,17,5,11
3/25/15,131,31,,17,5,9
3/26/15,86,41,,13,8,10
3/27/15,106,53,,24,9,10
3/28/15,100,44,,14,10,11
3/29/15,102,44,,12,11,11
3/30/15,95,55,,16,12,10
3/31/15,104,56,,9,9,8
4/1/15,92,49,,10,12,8
10/2/14,83,56,,16,10,9
10/3/14,103,63,,17,11,10
10/4/14,118,49,,13,13,11
10/5/14,84,41,,10,7,7
10/6/14,69,54,,19,12,9
10/7/14,92,80,,26,12,10
10/8/14,134,92,,24,17,13
10/9/14,150,95,,25,13,14
10/10/14,152,75,,17,13,12
10/11/14,132,69,,16,14,11
10/12/14,133,64,,18,4,11
10/13/14,138,81,,24,7,12
10/14/14,161,83,,23,11,13
10/15/14,166,66,,16,11,13
10/16/14,150,59,,12,9,12
10/17/14,121,44,,12,11,12
10/18/14,89,53,,12,9,10
10/19/14,105,49,,10,10,10
10/20/14,79,35,,14,9,10
10/21/14,69,87,,21,11,12
10/22/14,127,81,,25,12,12
10/23/14,141,66,,23,8,13
10/24/14,131,54,,17,11,13
10/25/14,91,92,,22,13,13
10/26/14,123,102,,23,14,15
10/27/14,139,102,,23,17,15
10/28/14,136,41,,13,14,11
10/29/14,68,54,,22,10,14
10/30/14,102,66,,17,8,14
10/31/14,122,58,,18,14,14
11/1/14,98,50,,16,6,9
11/2/14,85,78,,17,6,10
11/3/14,119,60,,17,5,10
11/4/14,111,50,,15,7,9
11/5/14,80,50,,16,7,10
11/6/14,80,63,,20,5,10
11/7/14,107,35,,17,6,10
11/8/14,67,53,,14,4,8
11/9/14,107,48,,14,5,6
11/10/14,72,51,,15,6,7
11/11/14,75,57,,16,10,8
11/12/14,103,77,,16,6,9
11/13/14,133,57,,16,5,9
11/14/14,107,61,,13,10,9
11/15/14,98,83,,21,7,7
11/16/14,118,70,,16,7,7
11/17/14,120,60,,16,8,8
11/18/14,106,50,,14,9,10
11/19/14,95,47,,17,7,6
11/20/14,84,54,,16,8,7
11/21/14,83,44,,13,13,7
11/22/14,67,45,,12,6,5
11/23/14,70,50,,14,7,5
11/24/14,81,43,,14,8,5
11/25/14,70,94,,25,13,10
11/26/14,132,80,,16,7,9
11/27/14,105,43,,12,6,7
11/28/14,68,58,,15,10,9
11/29/14,85,38,,12,7,7
11/30/14,63,73,,26,8,9
12/1/14,118,63,,17,6,8
12/2/14,116,62,,23,10,11
12/3/14,105,56,,18,5,9
12/4/14,82,69,,17,7,11
12/5/14,130,70,,16,7,14
12/6/14,117,50,,13,4,9
12/7/14,70,71,,21,9,9
12/8/14,124,69,,20,6,10
12/9/14,133,51,,16,7,9
12/10/14,79,75,,18,7,10
12/11/14,117,45,,12,6,10
12/12/14,71,68,,17,7,12
12/13/14,124,71,,15,9,12
12/14/14,130,68,,18,7,13
12/15/14,105,51,,17,10,11
12/16/14,78,64,,18,8,12
12/17/14,116,60,,22,6,12
12/18/14,129,66,,24,8,15
12/19/14,152,66,,22,13,14
12/20/14,133,100,,22,10,13
12/21/14,146,73,,21,10,9
12/22/14,129,63,,20,11,10
12/23/14,140,70,,28,17,16
12/24/14,138,74,,24,17,18
12/25/14,144,61,,21,12,13
12/26/14,119,41,,15,14,12
12/27/14,100,50,,18,13,12
12/28/14,111,53,,24,12,12
12/29/14,129,,,,,
7/2/14,93,56,,20,4,10
7/3/14,121,42,,12,5,9
7/4/14,70,42,,18,8,8
7/5/14,82,64,,16,7,12
7/6/14,101,46,,11,3,7
7/7/14,79,58,,21,5,9
7/8/14,102,57,,17,5,8
7/9/14,95,53,,12,6,7
7/10/14,81,47,,10,6,10
7/11/14,72,51,,13,12,9
7/12/14,74,46,,15,4,8
7/13/14,78,39,,14,6,7
7/14/14,77,38,,13,5,7
7/15/14,70,38,,9,5,7
7/16/14,68,36,,11,5,8
7/17/14,67,46,,17,7,8
7/18/14,86,51,,14,5,8
7/19/14,90,49,,13,6,6
7/20/14,73,25,,10,4,6
7/21/14,51,22,,12,3,6
7/22/14,47,32,,14,5,7
7/23/14,67,60,,19,9,9
7/24/14,125,72,,21,20,13
7/25/14,114,98,,29,11,14
7/26/14,143,66,,25,6,8
7/27/14,138,66,,26,7,8
7/28/14,128,58,,16,6,7
7/29/14,93,55,,12,6,8
7/30/14,105,46,,14,4,6
7/31/14,91,49,,12,8,8
8/1/14,87,46,,19,8,10
8/2/14,80,51,,19,5,7
8/3/14,95,44,,17,5,7
8/4/14,81,62,,22,7,10
8/5/14,109,47,,19,5,6
8/6/14,91,50,,17,4,6
8/7/14,94,61,,16,8,8
8/8/14,107,54,,12,8,9
8/9/14,78,45,,10,9,8
8/10/14,68,47,,9,13,10
8/11/14,68,47,,13,10,10
8/12/14,73,31,,21,3,9
8/13/14,70,46,,16,8,8
8/14/14,83,52,,22,11,9
8/15/14,90,67,,21,8,9
8/16/14,139,51,,13,9,10
8/17/14,92,43,,10,8,8
8/18/14,62,44,,13,7,8
8/19/14,78,40,,19,5,10
8/20/14,72,61,,18,7,9
8/21/14,124,66,,22,8,10
8/22/14,121,43,,11,7,10
8/23/14,74,41,,11,8,10
8/24/14,70,38,,17,6,10
8/25/14,74,66,,23,10,10
8/26/14,121,48,,16,8,8
8/27/14,86,44,,12,6,6
8/28/14,72,44,,13,6,5
8/29/14,77,41,,15,7,7
8/30/14,77,45,,13,6,6
8/31/14,75,70,,14,9,8
9/1/14,105,77,,18,10,8
9/2/14,118,61,,19,10,9
9/3/14,103,52,,15,7,6
9/4/14,91,44,,11,8,7
9/5/14,69,49,,13,9,10
9/6/14,72,50,,10,7,6
9/7/14,89,45,,12,10,9
9/8/14,72,50,,12,8,11
9/9/14,80,42,,8,9,8
9/10/14,71,49,,12,9,9
9/11/14,79,45,,10,6,6
9/12/14,65,46,,11,9,7
9/13/14,68,53,,12,9,8
9/14/14,80,48,,14,4,7
9/15/14,94,61,,16,3,7
9/16/14,115,60,,15,9,6
9/17/14,101,30,,9,2,7
9/18/14,44,38,,16,7,10
9/19/14,76,55,,21,3,12
9/20/14,105,43,,21,3,10
9/21/14,96,61,,20,1,10
9/22/14,121,50,,14,3,7
9/23/14,76,68,,21,6,9
9/24/14,132,33,,19,6,10
9/25/14,73,43,,16,1,11
9/26/14,102,47,,11,8,10
9/27/14,87,40,,10,10,8
9/28/14,64,45,,12,9,8
9/29/14,74,65,,16,13,11
9/30/14,106,68,,20,14,11
10/1/14,118,53,,13,14,10
4/2/14,159,64,,15,10,10
4/3/14,103,98,,22,19,14
4/4/14,140,83,,12,12,13
4/5/14,152,68,,13,6,13
4/6/14,156,58,,13,8,13
4/7/14,143,66,,14,7,14
4/8/14,144,70,,12,6,14
4/9/14,147,69,,14,9,13
4/10/14,136,62,,8,8,10
4/11/14,104,69,,10,15,11
4/12/14,114,69,,13,12,11
4/13/14,125,88,,18,11,14
4/14/14,140,90,,13,11,14
4/15/14,145,83,,9,13,13
4/16/14,142,85,,12,9,10
4/17/14,135,87,,12,13,7
4/18/14,142,89,,20,13,8
4/19/14,148,72,,19,10,7
4/20/14,119,92,,23,12,11
4/21/14,145,81,,18,12,9
4/22/14,135,98,,25,14,12
4/23/14,147,88,,17,11,8
4/24/14,151,92,,16,14,9
4/25/14,158,95,,18,12,9
4/26/14,159,107,,21,10,12
4/27/14,168,88,,25,9,11
4/28/14,165,84,,24,6,10
4/29/14,154,81,,26,8,10
4/30/14,139,53,,26,8,10
5/1/14,102,76,,30,7,8
5/2/14,148,59,,25,5,18
5/3/14,130,48,,23,3,20
5/4/14,108,53,,27,7,20
5/5/14,98,52,,24,6,15
5/6/14,95,63,,17,6,13
5/7/14,94,52,,13,8,13
5/8/14,66,48,,10,6,12
5/9/14,71,50,,10,6,11
5/10/14,68,58,,10,6,11
5/11/14,70,69,,17,8,12
5/12/14,99,56,,11,7,12
5/13/14,81,56,,10,7,10
5/14/14,73,53,,8,5,8
5/15/14,90,78,,20,9,6
5/16/14,138,67,,10,9,6
5/17/14,101,65,,11,10,6
5/18/14,109,76,,15,10,7
5/19/14,107,72,,13,11,7
5/20/14,108,72,,12,7,7
5/21/14,119,68,,9,9,7
5/22/14,104,61,,11,8,6
5/23/14,87,61,,11,10,7
5/24/14,89,64,,8,5,7
5/25/14,108,53,,9,5,7
5/26/14,78,53,,14,5,6
5/27/14,107,60,,12,7,8
5/28/14,141,52,,13,5,8
5/29/14,99,51,,12,6,9
5/30/14,76,57,,10,7,9
5/31/14,78,52,,8,4,8
6/1/14,84,47,,8,6,8
6/2/14,72,53,,9,6,8
6/3/14,90,55,,9,7,9
6/4/14,84,56,,8,5,7
6/5/14,78,60,,16,8,8
6/6/14,111,42,,18,4,9
6/7/14,82,41,,14,4,8
6/8/14,86,54,,15,5,9
6/9/14,107,36,,10,4,9
6/10/14,66,39,,16,7,8
6/11/14,69,51,,19,8,9
6/12/14,87,58,,18,5,9
6/13/14,113,49,,14,7,9
6/14/14,90,51,,10,3,8
6/15/14,82,53,,10,5,9
6/16/14,93,44,,16,6,10
6/17/14,74,55,,20,8,10
6/18/14,111,56,,22,17,14
6/19/14,106,33,,9,7,9
6/20/14,54,39,,11,11,10
6/21/14,56,46,,15,12,9
6/22/14,77,55,,20,10,9
6/23/14,104,65,,19,6,9
6/24/14,139,35,,8,4,9
6/25/14,63,48,,10,7,9
6/26/14,68,47,,11,6,9
6/27/14,78,55,,15,8,11
6/28/14,97,39,,21,3,9
6/29/14,85,44,,18,4,8
6/30/14,92,45,,18,5,8
7/1/14,77,49,,16,5,8
1/2/14,133,53,,18,22,10
1/3/14,98,82,,29,14,14
1/4/14,152,90,,28,14,12
1/5/14,166,54,,17,8,11
1/6/14,98,49,,15,6,9
1/7/14,85,50,,14,9,8
1/8/14,83,73,,21,11,12
1/9/14,118,58,,21,10,12
1/10/14,115,50,,15,9,11
1/11/14,90,56,,17,10,9
1/12/14,97,57,,22,11,13
1/13/14,138,59,,23,11,15
1/14/14,117,71,,26,17,21
1/15/14,156,52,,16,9,13
1/16/14,119,47,,15,9,13
1/17/14,102,85,,29,15,15
1/18/14,166,95,,30,16,15
1/19/14,175,94,,31,14,22
1/20/14,163,59,,25,10,11
1/21/14,128,70,,29,15,15
1/22/14,152,94,,31,16,22
1/23/14,158,76,,24,12,19
1/24/14,144,48,,19,14,10
1/25/14,91,72,,22,14,14
1/26/14,153,71,,19,13,19
1/27/14,133,57,,18,11,16
1/28/14,121,37,,12,12,15
1/29/14,92,44,,15,13,16
1/30/14,98,50,,17,14,16
1/31/14,121,50,,9,18,14
2/1/14,121,32,,13,13,11
2/2/14,83,39,,16,17,11
2/3/14,81,43,,19,16,13
2/4/14,102,38,,14,13,12
2/5/14,85,30,,6,10,10
2/6/14,56,37,,8,10,10
2/7/14,69,52,,15,11,12
2/8/14,83,43,,9,12,11
2/9/14,78,50,,12,15,12
2/10/14,89,62,,15,9,14
2/11/14,120,65,,13,7,13
2/12/14,125,54,,9,7,11
2/13/14,91,69,,18,12,16
2/14/14,146,69,,15,10,15
2/15/14,129,54,,9,8,10
2/16/14,88,50,,5,4,8
2/17/14,87,43,,5,7,9
2/18/14,62,26,,8,6,11
2/19/14,64,41,,13,5,10
2/20/14,87,51,,16,5,10
2/21/14,110,39,,11,11,15
2/22/14,71,53,,22,17,15
2/23/14,62,50,,17,13,17
2/24/14,68,50,,10,11,10
2/25/14,74,48,,13,13,5
2/26/14,90,92,,24,10,9
2/27/14,128,62,,13,11,7
2/28/14,105,60,,13,20,7
3/1/14,87,54,,10,9,5
3/2/14,70,61,,12,17,6
3/3/14,74,57,,10,8,6
3/4/14,72,73,,20,12,8
3/5/14,106,75,,17,9,9
3/6/14,121,73,,16,11,13
3/7/14,130,124,,27,11,14
3/8/14,150,80,,21,17,11
3/9/14,132,120,,30,14,11
3/10/14,150,101,,23,11,10
3/11/14,143,77,,20,14,11
3/12/14,141,67,,15,13,8
3/13/14,122,124,,26,10,12
3/14/14,153,99,,28,17,15
3/15/14,163,121,,23,11,13
3/16/14,168,85,,24,15,9
3/17/14,144,102,,28,15,12
3/18/14,142,88,,15,12,10
3/19/14,143,94,,27,13,12
3/20/14,145,117,,35,13,13
3/21/14,162,71,,15,12,12
3/22/14,142,64,,13,7,10
3/23/14,128,58,,12,3,11
3/24/14,126,48,,9,4,9
3/25/14,94,62,,10,14,11
3/26/14,109,95,,21,7,12
3/27/14,131,69,,13,20,10
3/28/14,116,69,,14,17,11
3/29/14,117,77,,17,8,12
3/30/14,149,84,,10,16,11
3/31/14,159,92,,14,11,11
4/1/14,152,91,,12,11,13
4/1/20,,58,73,9,2,6
6/16/20,,16,25,4,4,7
1/1/20,,23,25,9,4,6
1/1/19,,23,18,14,7,10
9/11/17,,52,62,21,9,7
1/2/17,,70,25,19,11,10
1/4/16,,51,37,15,9,7
9/23/15,,49,18,15,7,6
1/1/15,,58,,14,8,12
1/1/14,,73,,27,17,14
