date,pm25,o3,no2,co
3/2/22,32,,,
2/2/22,53,6,,5
2/3/22,54,4,,5
2/4/22,49,21,,3
2/5/22,29,26,,2
2/6/22,59,20,,2
2/7/22,31,6,32,6
2/8/22,53,26,19,3
2/9/22,49,15,26,3
2/10/22,56,26,29,4
2/11/22,40,29,30,4
2/12/22,43,27,14,2
2/13/22,39,20,6,2
2/14/22,33,26,,2
2/15/22,48,25,,2
2/16/22,46,24,,3
2/17/22,35,27,,2
2/18/22,35,29,,1
2/19/22,36,31,,2
2/20/22,35,28,,2
2/21/22,32,16,,3
2/22/22,49,24,,5
2/23/22,56,28,,2
2/24/22,44,22,,1
2/25/22,29,19,,2
2/26/22,31,28,,2
2/27/22,46,33,,2
2/28/22,46,29,,1
3/1/22,32,27,,3
1/4/22,29,18,,2
1/5/22,77,12,,3
1/6/22,114,18,,2
1/7/22,113,21,,2
1/8/22,112,25,,2
1/9/22,108,,,
1/10/22,113,25,,1
1/11/22,111,22,16,2
1/12/22,79,12,28,3
1/13/22,52,1,42,8
1/14/22,73,20,19,3
1/15/22,54,22,12,2
1/16/22,46,23,15,2
1/17/22,47,25,9,2
1/18/22,40,26,,1
1/19/22,56,16,,3
1/20/22,49,22,,2
1/21/22,51,24,,2
1/22/22,39,20,,2
1/23/22,41,19,,2
1/24/22,55,18,,3
1/25/22,64,23,,2
1/26/22,72,25,,2
1/27/22,39,20,,3
1/28/22,47,12,,4
1/29/22,52,28,,2
1/30/22,34,26,,2
1/31/22,46,18,,4
2/1/22,55,23,,4
10/2/21,95,34,,2
10/3/21,98,,,
10/4/21,107,,,
10/5/21,110,,,
10/6/21,101,,,
10/7/21,98,,,
10/8/21,107,,,
10/9/21,108,,,
10/10/21,101,,,
10/11/21,97,,,
10/12/21,99,,,
10/13/21,106,,,
10/14/21,104,,,
10/15/21,104,,,
10/16/21,107,,,
10/17/21,107,,,
10/18/21,93,,,
10/19/21,86,,,
10/20/21,91,,,
10/21/21,95,,17,
10/22/21,101,,9,
10/23/21,102,,6,
10/24/21,91,,11,
10/25/21,89,,20,
10/26/21,106,,8,
10/27/21,105,,3,
10/28/21,92,,,
10/29/21,88,25,,1
10/30/21,90,23,10,1
10/31/21,99,19,8,2
11/1/21,97,23,11,1
11/2/21,90,18,17,2
11/3/21,90,20,12,2
11/4/21,91,22,17,2
11/5/21,91,21,19,2
11/6/21,92,24,,3
11/7/21,86,23,,3
11/8/21,88,28,,3
11/9/21,89,27,,5
11/10/21,96,27,,4
11/11/21,97,25,,3
11/12/21,97,31,,1
11/13/21,101,25,,4
11/14/21,96,13,,2
11/15/21,93,15,,2
11/16/21,93,17,,3
11/17/21,93,20,,4
11/18/21,98,25,,3
11/19/21,110,19,,2
11/20/21,114,19,,2
11/21/21,115,23,14,2
11/22/21,103,16,10,2
11/23/21,105,22,8,2
11/24/21,115,20,13,2
11/25/21,113,11,24,4
11/26/21,113,17,14,3
11/27/21,109,22,5,2
11/28/21,110,15,15,4
11/29/21,114,20,10,3
11/30/21,114,10,15,3
12/1/21,114,20,12,3
12/2/21,112,23,14,3
12/3/21,108,25,,1
12/4/21,109,17,,3
12/5/21,112,21,,3
12/6/21,111,25,,3
12/7/21,101,18,,2
12/8/21,107,10,,3
12/9/21,111,19,,3
12/10/21,115,12,32,4
12/11/21,111,24,21,5
12/12/21,108,26,8,1
12/13/21,114,13,22,2
12/14/21,111,20,20,2
12/15/21,110,19,26,3
12/16/21,114,13,17,3
12/17/21,97,25,,2
12/18/21,102,13,,3
12/19/21,85,20,,2
12/20/21,109,18,,2
12/21/21,110,5,,4
12/22/21,114,21,,3
12/23/21,116,19,,1
12/24/21,106,9,19,3
12/25/21,115,4,24,6
12/26/21,113,22,7,2
12/27/21,78,15,17,2
12/28/21,112,8,22,3
12/29/21,107,5,18,3
12/30/21,115,1,22,4
12/31/21,91,9,23,3
1/1/22,90,8,19,3
1/2/22,92,15,,3
1/3/22,96,21,,2
7/2/21,35,31,13,1
7/3/21,27,10,5,
7/4/21,5,33,8,1
7/5/21,47,41,10,2
7/6/21,88,53,10,1
7/7/21,54,58,15,2
7/8/21,62,33,11,2
7/9/21,38,29,7,
7/10/21,50,30,8,2
7/11/21,23,36,9,2
7/12/21,32,31,14,2
7/13/21,43,22,6,1
7/14/21,49,43,10,2
7/15/21,79,61,14,2
7/16/21,59,53,10,2
7/17/21,85,48,12,3
7/18/21,113,31,6,1
7/19/21,111,27,4,2
7/20/21,98,41,,5
7/21/21,141,44,,4
7/22/21,114,31,,2
7/23/21,105,31,,2
7/24/21,104,43,,2
7/25/21,108,40,,2
7/26/21,103,47,,4
7/27/21,120,75,,4
7/28/21,108,35,,2
7/29/21,101,35,,2
7/30/21,113,32,,2
7/31/21,108,29,,1
8/1/21,103,40,,2
8/2/21,109,24,,2
8/3/21,105,36,17,2
8/4/21,100,35,12,2
8/5/21,107,44,6,2
8/6/21,106,67,15,3
8/7/21,111,56,11,2
8/8/21,111,46,4,2
8/9/21,111,33,5,2
8/10/21,109,43,,3
8/11/21,115,55,,2
8/12/21,117,41,,2
8/13/21,113,68,11,2
8/14/21,109,38,5,2
8/15/21,110,39,4,2
8/16/21,105,38,9,2
8/17/21,108,26,6,2
8/18/21,92,22,9,2
8/19/21,117,25,5,1
8/20/21,116,26,6,1
8/21/21,113,33,7,2
8/22/21,116,22,5,1
8/23/21,109,25,6,2
8/24/21,103,45,11,3
8/25/21,113,64,19,4
8/26/21,108,80,,3
8/27/21,117,53,15,3
8/28/21,112,23,5,2
8/29/21,100,25,9,2
8/30/21,105,39,15,3
8/31/21,111,35,11,3
9/1/21,112,26,9,3
9/2/21,111,28,3,1
9/3/21,104,17,5,2
9/4/21,109,27,7,2
9/5/21,109,23,12,3
9/6/21,120,36,5,2
9/7/21,108,37,9,2
9/8/21,114,33,9,2
9/9/21,122,22,16,3
9/10/21,121,24,6,2
9/11/21,111,34,11,2
9/12/21,112,36,8,2
9/13/21,119,36,7,2
9/14/21,115,35,14,2
9/15/21,120,38,14,3
9/16/21,122,35,,1
9/17/21,99,25,5,2
9/18/21,122,32,5,2
9/19/21,113,27,4,2
9/20/21,115,25,12,2
9/21/21,115,26,11,2
9/22/21,117,26,7,2
9/23/21,123,29,4,1
9/24/21,107,32,12,2
9/25/21,109,38,13,3
9/26/21,112,30,6,2
9/27/21,111,37,12,2
9/28/21,108,22,13,2
9/29/21,116,22,5,1
9/30/21,103,14,5,1
10/1/21,101,19,,2
4/2/21,23,,,
4/3/21,19,,,
4/4/21,22,,,
4/5/21,36,,,
4/6/21,31,,,
4/7/21,37,,,
4/8/21,38,,,
4/9/21,35,,,
4/10/21,25,,,
4/11/21,23,,,
4/12/21,20,,,
4/13/21,20,,,
4/14/21,21,,,
4/15/21,32,,,
4/16/21,24,,,
4/17/21,14,,,
4/18/21,10,,,
4/19/21,30,,,
4/20/21,45,,,
4/21/21,41,,,
4/22/21,26,,,
4/23/21,20,,5,
4/24/21,28,,7,
4/25/21,50,,8,
4/26/21,42,,8,
4/27/21,23,,16,
4/28/21,30,,22,
4/29/21,56,,19,
4/30/21,61,33,6,1
5/1/21,14,34,6,1
5/2/21,15,45,6,2
5/3/21,35,24,11,2
5/4/21,35,35,9,2
5/5/21,25,27,9,2
5/6/21,22,27,4,1
5/7/21,12,31,,1
5/8/21,18,27,,2
5/9/21,17,30,,2
5/10/21,22,26,,1
5/11/21,15,35,,1
5/12/21,22,29,,1
5/13/21,18,36,,1
5/14/21,24,40,,1
5/15/21,32,42,,2
5/16/21,35,41,,2
5/17/21,33,50,,2
5/18/21,41,48,,2
5/19/21,33,,,
5/20/21,41,32,9,1
5/21/21,28,35,13,2
5/22/21,21,52,28,
5/23/21,44,36,,
5/24/21,27,32,,
5/25/21,14,33,,
5/26/21,25,20,,
5/27/21,39,,,
5/28/21,20,,,
5/29/21,12,,,
5/30/21,5,,,
5/31/21,5,,,
6/1/21,14,,,
6/2/21,45,,,
6/3/21,32,,,
6/4/21,19,,,
6/5/21,29,,,
6/6/21,42,,,
6/7/21,56,,,
6/8/21,65,,,
6/9/21,56,,,
6/10/21,38,,6,
6/11/21,21,,7,
6/12/21,26,,,1
6/13/21,18,,,2
6/14/21,22,,,1
6/15/21,11,,,1
6/16/21,19,,,1
6/17/21,10,34,8,1
6/18/21,9,60,13,1
6/19/21,36,46,7,1
6/20/21,42,53,7,2
6/21/21,42,30,10,2
6/22/21,48,19,8,1
6/23/21,17,30,6,1
6/24/21,12,37,13,1
6/25/21,23,38,7,1
6/26/21,20,16,5,
6/27/21,29,24,6,1
6/28/21,34,46,9,1
6/29/21,41,68,10,1
6/30/21,47,48,8,1
7/1/21,46,33,14,1
1/5/21,43,,,
1/6/21,42,,,
1/7/21,44,,,
1/8/21,42,,,
1/9/21,39,,,
1/10/21,33,,,
1/11/21,47,,,
1/12/21,62,,,
1/13/21,70,,,
1/14/21,65,,,
1/15/21,72,,,
1/16/21,58,,,
1/17/21,37,,,
1/18/21,48,,,
1/19/21,46,,,
1/20/21,46,,,
1/21/21,45,,,
1/22/21,47,,,
1/23/21,48,,,
1/24/21,38,,,
1/25/21,29,,,
1/26/21,31,,,
1/27/21,39,,,
1/28/21,49,,,
1/29/21,37,,,
1/30/21,32,,,
1/31/21,38,,,
2/1/21,34,,,
2/2/21,25,,,
2/3/21,26,,,
2/4/21,32,,,
2/5/21,54,,,
2/6/21,54,,,
2/7/21,42,,,
2/8/21,47,,,
2/9/21,45,,,
2/10/21,48,,,
2/11/21,50,,,
2/12/21,42,,,
2/13/21,33,,,
2/14/21,34,,,
2/15/21,43,,,
2/16/21,46,,,
2/17/21,44,,,
2/18/21,43,,,
2/19/21,34,,,
2/20/21,34,,,
2/21/21,48,,,
2/22/21,47,,,
2/23/21,44,,,
2/24/21,50,25,,3
2/25/21,43,31,,2
2/26/21,49,28,,2
2/27/21,39,22,,4
2/28/21,36,19,,4
3/1/21,44,30,,3
3/2/21,30,31,6,1
3/3/21,36,,,
3/4/21,41,,,
3/5/21,38,,,
3/6/21,31,,,
3/7/21,25,,,
3/8/21,24,,,
3/9/21,36,,,
3/10/21,47,,,
3/11/21,47,,,
3/12/21,73,,,
3/13/21,42,,,
3/14/21,26,,,
3/15/21,27,,,
3/16/21,30,,,
3/17/21,29,,,
3/18/21,36,,,
3/19/21,24,,,
3/20/21,27,,,
3/21/21,35,,,
3/22/21,54,,,
3/23/21,48,,,
3/24/21,36,,,
3/25/21,33,,,
3/26/21,41,,,
3/27/21,37,,,
3/28/21,26,,,
3/29/21,23,,,
3/30/21,27,,,
3/31/21,31,,,
4/1/21,31,,,
10/2/20,25,,,
10/3/20,27,,,
10/4/20,20,,,
10/5/20,21,,,
10/6/20,27,,,
10/7/20,34,,,
10/8/20,34,,,
10/9/20,16,,,
10/10/20,30,,,
10/11/20,35,,,
10/12/20,39,,,
10/13/20,15,,,
10/14/20,10,,,
10/15/20,38,,,
10/16/20,41,,,
10/17/20,23,,,
10/18/20,31,,,
10/19/20,43,,,
10/20/20,30,,,
10/21/20,33,,,
10/22/20,24,,,
10/23/20,51,,,
10/24/20,28,,,
10/25/20,23,,,
10/26/20,12,,,
10/27/20,17,,,
10/28/20,18,,,
10/29/20,25,,,
10/30/20,16,,,
10/31/20,23,,,
11/1/20,33,,,
11/2/20,17,,,
11/3/20,40,,,
11/4/20,45,,,
11/5/20,46,,,
11/6/20,46,,,
11/7/20,52,,,
11/8/20,67,,,
11/9/20,80,,,
11/10/20,91,,,
11/11/20,45,,,
11/12/20,28,10,,2
11/13/20,21,5,,2
11/14/20,21,22,,2
11/15/20,32,30,,2
11/16/20,37,22,,2
11/17/20,36,24,,2
11/18/20,45,22,7,1
11/19/20,28,17,,3
11/20/20,28,12,27,3
11/21/20,45,19,17,3
11/22/20,51,18,8,2
11/23/20,24,23,11,2
11/24/20,31,21,12,2
11/25/20,29,,,
11/26/20,34,,,
11/27/20,34,,,
11/28/20,37,,,
11/29/20,32,,,
11/30/20,41,,,
12/1/20,39,,,
12/2/20,34,,,
12/3/20,29,,,
12/4/20,36,,,
12/5/20,41,,,
12/6/20,25,,,
12/7/20,21,,,
12/8/20,27,,,
12/9/20,23,,,
12/10/20,47,,20,
12/11/20,45,,,
12/12/20,63,,,
12/13/20,67,,,
12/14/20,54,,,
12/15/20,34,,,
12/16/20,33,,,
12/17/20,40,,,
12/18/20,34,,,
12/19/20,45,,,
12/20/20,45,,,
12/21/20,49,,,
12/22/20,56,,,
12/23/20,54,,,
12/24/20,39,,,
12/25/20,47,,,
12/26/20,44,,,
12/27/20,42,,,
12/28/20,49,,,
12/29/20,48,,,
12/30/20,42,,,
12/31/20,31,,,
1/1/21,51,,,
1/2/21,51,,,
1/3/21,40,,,
1/4/21,43,,,
7/2/20,31,48,11,2
7/3/20,33,46,8,2
7/4/20,51,34,3,1
7/5/20,55,55,6,2
7/6/20,63,57,14,2
7/7/20,56,35,8,1
7/8/20,21,27,4,1
7/9/20,27,22,5,1
7/10/20,26,20,6,1
7/11/20,8,29,4,1
7/12/20,40,39,3,1
7/13/20,22,45,10,1
7/14/20,14,30,12,1
7/15/20,16,35,8,1
7/16/20,22,22,3,1
7/17/20,6,,11,
7/18/20,31,,,
7/19/20,51,,,
7/20/20,57,,,
7/21/20,44,,,
7/22/20,38,,12,
7/23/20,62,47,,2
7/24/20,46,29,,2
7/25/20,28,62,,2
7/26/20,42,42,,1
7/27/20,36,47,,1
7/28/20,49,40,4,1
7/29/20,36,55,,2
7/30/20,26,59,,2
7/31/20,37,41,,2
8/1/20,26,53,,2
8/2/20,38,34,,1
8/3/20,33,41,,1
8/4/20,33,23,,1
8/5/20,54,41,14,2
8/6/20,38,54,,4
8/7/20,48,45,,4
8/8/20,46,39,,2
8/9/20,29,46,,2
8/10/20,39,68,,2
8/11/20,59,38,,2
8/12/20,55,60,,2
8/13/20,56,32,,2
8/14/20,44,41,,2
8/15/20,27,29,,2
8/16/20,25,19,,1
8/17/20,12,35,,1
8/18/20,22,33,,1
8/19/20,28,23,,3
8/20/20,35,36,7,1
8/21/20,17,42,,2
8/22/20,39,40,,2
8/23/20,46,34,,2
8/24/20,35,44,,2
8/25/20,33,42,,
8/26/20,41,22,,
8/27/20,16,40,,1
8/28/20,43,33,,1
8/29/20,43,24,,1
8/30/20,24,23,,1
8/31/20,15,20,,1
9/1/20,21,21,,1
9/2/20,21,21,14,2
9/3/20,25,,,
9/4/20,34,,5,
9/5/20,26,,,
9/6/20,13,,5,
9/7/20,28,,,
9/8/20,25,,,
9/9/20,33,,,
9/10/20,31,,,
9/11/20,21,22,,1
9/12/20,22,22,,1
9/13/20,12,22,,
9/14/20,16,21,6,1
9/15/20,18,19,8,1
9/16/20,10,22,18,1
9/17/20,21,,,
9/18/20,32,,,
9/19/20,28,,,
9/20/20,9,,,
9/21/20,10,,15,
9/22/20,16,,17,
9/23/20,15,30,,3
9/24/20,45,25,,3
9/25/20,63,37,,4
9/26/20,70,30,,2
9/27/20,37,26,,2
9/28/20,22,23,,1
9/29/20,23,17,13,2
9/30/20,29,,,
10/1/20,20,,,
4/2/20,20,,6,
4/3/20,14,,6,
4/4/20,13,,8,
4/5/20,14,,19,
4/6/20,41,,9,
4/7/20,25,,12,
4/8/20,27,,16,
4/9/20,41,,12,
4/10/20,24,,6,
4/11/20,20,,7,
4/12/20,26,,16,
4/13/20,39,,7,
4/14/20,29,,8,
4/15/20,15,34,7,
4/16/20,26,33,8,1
4/17/20,25,36,12,2
4/18/20,24,31,10,2
4/19/20,22,40,12,2
4/20/20,38,32,13,2
4/21/20,21,30,8,1
4/22/20,20,31,,
4/23/20,13,25,,
4/24/20,22,22,15,2
4/25/20,20,12,17,2
4/26/20,33,,7,
4/27/20,16,,8,
4/28/20,8,,10,
4/29/20,17,,13,
4/30/20,22,,8,
5/1/20,19,33,16,2
5/2/20,11,34,6,1
5/3/20,17,43,9,2
5/4/20,35,36,7,1
5/5/20,21,37,6,1
5/6/20,16,32,11,1
5/7/20,19,37,9,2
5/8/20,18,,11,
5/9/20,17,,5,
5/10/20,11,39,6,1
5/11/20,15,29,10,1
5/12/20,22,37,7,1
5/13/20,14,33,12,1
5/14/20,24,40,16,3
5/15/20,33,46,16,2
5/16/20,51,38,6,1
5/17/20,24,38,3,1
5/18/20,9,38,11,
5/19/20,14,34,8,
5/20/20,17,34,10,
5/21/20,12,30,10,
5/22/20,23,31,15,
5/23/20,29,31,6,
5/24/20,14,31,4,
5/25/20,24,27,6,
5/26/20,23,23,14,
5/27/20,35,,10,
5/28/20,6,,4,
5/29/20,15,,7,
5/30/20,19,,,
5/31/20,21,,,
6/1/20,9,33,4,
6/2/20,11,42,16,
6/3/20,24,44,9,
6/4/20,44,53,13,
6/5/20,40,38,10,
6/6/20,37,50,8,
6/7/20,26,31,3,
6/8/20,20,34,8,1
6/9/20,18,61,15,2
6/10/20,42,41,10,1
6/11/20,45,26,7,1
6/12/20,35,46,14,2
6/13/20,28,36,5,1
6/14/20,11,30,3,1
6/15/20,17,31,10,1
6/16/20,26,32,14,1
6/17/20,23,30,10,1
6/18/20,20,10,7,1
6/19/20,16,,,
6/20/20,22,,,
6/21/20,42,,9,
6/22/20,29,,,
6/23/20,23,,,
6/24/20,36,37,14,1
6/25/20,47,52,9,1
6/26/20,37,44,25,1
6/27/20,38,38,,2
6/28/20,56,50,7,1
6/29/20,45,32,8,1
6/30/20,21,34,6,1
7/1/20,17,46,7,2
1/2/20,40,,29,
1/3/20,59,,30,
1/4/20,66,,21,
1/5/20,57,,7,
1/6/20,40,,22,
1/7/20,52,,23,
1/8/20,49,,15,
1/9/20,49,,17,
1/10/20,46,,29,
1/11/20,51,,22,
1/12/20,53,,7,
1/13/20,46,,17,
1/14/20,49,,21,
1/15/20,42,,20,
1/16/20,58,,12,
1/17/20,46,,9,
1/18/20,42,,22,
1/19/20,32,,11,
1/20/20,42,,10,
1/21/20,35,,17,
1/22/20,39,,37,
1/23/20,54,,42,
1/24/20,73,,43,
1/25/20,78,,15,
1/26/20,36,,14,
1/27/20,36,,16,
1/28/20,40,,11,
1/29/20,34,,12,
1/30/20,32,,22,
1/31/20,39,,35,
2/1/20,53,,29,
2/2/20,53,,16,
2/3/20,46,,24,
2/4/20,55,,36,
2/5/20,67,,26,
2/6/20,26,,19,
2/7/20,29,,15,
2/8/20,33,,12,
2/9/20,47,,,
2/10/20,49,,,
2/11/20,38,,,
2/12/20,48,,,
2/13/20,42,,,
2/14/20,41,,,
2/15/20,40,,,
2/16/20,32,,,
2/17/20,47,,,
2/18/20,50,,,
2/19/20,46,,10,
2/20/20,38,,11,
2/21/20,32,,14,
2/22/20,32,,23,
2/23/20,38,,,
2/24/20,47,,28,
2/25/20,59,,29,
2/26/20,45,,,
2/27/20,23,,,
2/28/20,23,,,
2/29/20,29,,,
3/1/20,26,,13,
3/2/20,30,,27,
3/3/20,39,,22,
3/4/20,37,,10,
3/5/20,20,,12,
3/6/20,20,,19,
3/7/20,23,,9,
3/8/20,24,,12,
3/9/20,27,,24,
3/10/20,47,,21,
3/11/20,43,,15,
3/12/20,26,,19,
3/13/20,39,,13,
3/14/20,28,,7,
3/15/20,28,,7,
3/16/20,22,,11,
3/17/20,22,,20,
3/18/20,33,,14,
3/19/20,29,,16,
3/20/20,22,,21,
3/21/20,41,,5,
3/22/20,22,,7,
3/23/20,29,,12,
3/24/20,21,,10,
3/25/20,20,,9,
3/26/20,24,,16,
3/27/20,31,,16,
3/28/20,37,,10,
3/29/20,26,,3,
3/30/20,7,,,
11/5/19,31,,25,
11/6/19,45,,17,
11/7/19,42,,26,
11/8/19,37,,9,
11/9/19,23,,16,
11/10/19,20,,22,
11/11/19,40,,39,
11/12/19,71,,14,
11/13/19,32,,12,
11/14/19,18,,29,
11/15/19,25,,30,
11/16/19,46,,10,
11/17/19,28,,11,
11/18/19,22,,18,
11/19/19,26,,18,
11/20/19,33,,14,
11/21/19,34,,24,
11/22/19,52,,20,
11/23/19,47,,18,
11/24/19,32,,14,
11/25/19,31,,25,
11/26/19,59,,43,
11/27/19,62,,33,
11/28/19,59,,6,
11/29/19,26,,7,
11/30/19,19,,,
12/1/19,27,,,
12/2/19,24,,14,
12/3/19,22,,13,
12/4/19,32,,24,
12/5/19,47,,15,
12/6/19,40,,18,
12/7/19,36,,11,
12/8/19,37,,20,
12/9/19,35,,29,
12/10/19,37,,16,
12/11/19,52,,16,
12/12/19,34,,22,
12/13/19,56,,32,
12/14/19,48,,18,
12/15/19,38,,9,
12/16/19,42,,18,
12/17/19,49,,19,
12/18/19,38,,15,
12/19/19,41,,11,
12/20/19,57,,18,
12/21/19,46,,31,
12/22/19,52,,29,
12/23/19,68,,37,
12/24/19,75,,22,
12/25/19,50,,28,
12/26/19,54,,24,
12/27/19,65,,29,
12/28/19,53,,18,
12/29/19,58,,,
12/30/19,54,,,
7/2/19,19,500,10,
7/3/19,49,500,11,
7/4/19,57,500,16,
7/5/19,84,500,9,
7/6/19,56,500,9,
7/7/19,38,500,6,
7/8/19,41,500,9,
7/9/19,47,500,11,
7/10/19,49,500,14,
7/11/19,65,,13,
7/12/19,40,,8,
7/13/19,28,,5,
7/14/19,35,,6,
7/15/19,35,,7,
7/16/19,22,,18,
7/17/19,45,62,17,2
7/18/19,55,25,14,2
7/19/19,42,57,11,2
7/20/19,52,42,10,2
7/21/19,57,36,8,2
7/22/19,54,42,13,2
7/23/19,34,23,12,2
7/24/19,12,15,10,1
7/25/19,31,,13,
7/26/19,42,,17,
7/27/19,46,,17,
7/28/19,49,,8,
7/29/19,65,,11,
7/30/19,88,,15,
7/31/19,95,,23,
8/1/19,91,,14,
8/2/19,40,,19,
8/3/19,43,,9,
8/4/19,34,,9,
8/5/19,37,,11,
8/6/19,38,,13,
8/7/19,46,,15,
8/8/19,45,,11,
8/9/19,47,,10,
8/10/19,33,,6,
8/11/19,18,,6,
8/12/19,21,,15,
8/13/19,37,,16,
8/14/19,55,,14,
8/15/19,69,,11,
8/16/19,53,,12,
8/17/19,24,,11,
8/18/19,16,,13,
8/19/19,26,,22,
8/20/19,29,,17,
8/21/19,26,40,7,2
8/22/19,30,49,13,2
8/23/19,35,24,18,2
8/24/19,23,26,7,1
8/25/19,13,26,5,1
8/26/19,12,31,9,1
8/27/19,17,5,13,4
8/28/19,25,,10,
8/29/19,22,,7,
8/30/19,22,,16,
8/31/19,40,,6,
9/1/19,23,,5,
9/2/19,20,,7,
9/3/19,27,,9,
9/4/19,39,,12,
9/5/19,44,,8,
9/6/19,23,,9,
9/7/19,13,,6,
9/8/19,27,,8,
9/9/19,41,,10,
9/10/19,23,,13,
9/11/19,26,35,14,3
9/12/19,44,27,10,2
9/13/19,45,21,8,1
9/14/19,18,24,12,1
9/15/19,27,34,10,1
9/16/19,30,28,18,2
9/17/19,46,31,,1
9/18/19,19,,,
9/19/19,21,,,
9/20/19,26,,,
9/21/19,46,,,
9/22/19,55,,,
9/23/19,60,24,18,
9/24/19,47,23,,1
9/25/19,20,31,,2
9/26/19,35,32,12,2
9/27/19,46,29,15,1
9/28/19,25,37,6,2
9/29/19,38,29,7,2
9/30/19,34,25,8,1
10/1/19,23,35,13,1
10/2/19,33,44,13,2
10/3/19,48,14,10,1
10/4/19,25,20,8,1
10/5/19,21,26,7,1
10/6/19,26,,11,
10/7/19,28,,,
4/2/19,18,500,18,
4/3/19,23,500,10,
4/4/19,29,500,11,
4/5/19,25,500,15,
4/6/19,21,500,14,
4/7/19,40,500,26,
4/8/19,40,500,25,
4/9/19,30,500,17,
4/10/19,15,316,11,
4/11/19,12,500,16,
4/12/19,22,500,18,
4/13/19,34,500,9,
4/14/19,39,500,19,1
4/15/19,22,500,26,1
4/16/19,25,268,7,1
4/17/19,13,500,22,1
4/18/19,33,146,13,1
4/19/19,116,88,14,1
4/20/19,35,500,18,1
4/21/19,28,500,,
4/22/19,26,500,3,
4/23/19,30,500,17,2
4/24/19,32,500,9,1
4/25/19,27,500,15,2
4/26/19,19,500,12,1
4/27/19,24,364,6,1
4/28/19,22,500,10,1
4/29/19,13,500,13,1
4/30/19,15,500,21,
5/1/19,42,391,16,
5/2/19,20,500,20,
5/3/19,42,500,16,
5/4/19,28,500,21,
5/5/19,49,500,8,
5/6/19,11,500,11,
5/7/19,20,500,5,
5/8/19,27,500,2,
5/9/19,33,500,10,
5/10/19,15,500,19,
5/11/19,21,500,8,
5/12/19,12,500,7,
5/13/19,5,500,13,
5/14/19,8,500,15,
5/15/19,18,500,10,
5/16/19,19,500,18,
5/17/19,36,500,24,
5/18/19,54,500,6,
5/19/19,32,500,11,
5/20/19,33,500,15,
5/21/19,45,500,5,
5/22/19,11,486,10,
5/23/19,16,500,19,
5/24/19,24,500,5,
5/25/19,13,500,6,
5/26/19,11,500,5,
5/27/19,30,500,5,
5/28/19,22,500,17,
5/29/19,40,500,15,1
5/30/19,22,500,17,2
5/31/19,21,500,13,2
6/1/19,40,500,13,3
6/2/19,48,500,11,2
6/3/19,44,500,6,
6/4/19,11,500,6,
6/5/19,15,500,18,2
6/6/19,45,500,7,2
6/7/19,28,500,10,2
6/8/19,43,500,3,2
6/9/19,26,500,3,1
6/10/19,17,500,1,1
6/11/19,32,500,,1
6/12/19,12,500,1,
6/13/19,17,500,,
6/14/19,12,500,2,
6/15/19,18,500,5,
6/16/19,25,500,5,
6/17/19,39,500,3,2
6/18/19,40,500,,3
6/19/19,43,500,,2
6/20/19,24,500,3,3
6/21/19,39,500,2,1
6/22/19,18,500,3,1
6/23/19,17,500,,1
6/24/19,19,500,4,2
6/25/19,49,500,2,2
6/26/19,56,500,5,2
6/27/19,46,500,1,1
6/28/19,35,500,6,2
6/29/19,41,500,4,2
6/30/19,48,500,3,1
7/1/19,21,500,5,1
1/2/19,40,,,
1/3/19,62,,,
1/4/19,49,,,
1/5/19,64,,,
1/6/19,44,,,
1/7/19,51,,,
1/8/19,33,,,
1/9/19,53,,,
1/10/19,47,,,
1/11/19,45,,,
1/12/19,42,,,
1/13/19,42,,,
1/14/19,40,,,
1/15/19,47,,,
1/16/19,58,,,
1/17/19,64,,,
1/18/19,33,,,
1/19/19,58,,,
1/20/19,43,,,
1/21/19,34,,,
1/22/19,49,,,
1/23/19,51,,,
1/24/19,46,,,
1/25/19,39,,,
1/26/19,48,,,
1/27/19,44,,,
1/28/19,45,,,
1/29/19,44,,,
1/30/19,50,,,
1/31/19,52,,,
2/1/19,64,,,
2/2/19,49,,,
2/3/19,60,500,7,
2/4/19,70,500,,
2/5/19,68,500,,
2/6/19,71,500,5,
2/7/19,29,500,,
2/8/19,33,500,4,
2/9/19,41,500,3,
2/10/19,40,500,,
2/11/19,29,500,,
2/12/19,47,386,,
2/13/19,23,500,4,
2/14/19,55,500,6,
2/15/19,48,500,,
2/16/19,51,500,2,
2/17/19,28,500,6,
2/18/19,12,500,6,
2/19/19,32,500,5,
2/20/19,27,500,,
2/21/19,27,500,20,
2/22/19,36,500,14,
2/23/19,45,500,19,
2/24/19,39,500,16,
2/25/19,27,500,7,
2/26/19,43,481,9,
2/27/19,39,422,12,
2/28/19,18,500,16,
3/1/19,35,500,19,
3/2/19,40,500,20,
3/3/19,46,500,20,
3/4/19,48,500,6,
3/5/19,38,500,7,
3/6/19,39,500,6,
3/7/19,38,500,7,
3/8/19,38,500,,
3/9/19,39,500,24,
3/10/19,48,500,21,
3/11/19,32,500,13,
3/12/19,28,477,9,
3/13/19,31,500,30,
3/14/19,43,500,26,
3/15/19,34,500,27,
3/16/19,53,237,7,
3/17/19,23,337,8,
3/18/19,20,500,24,
3/19/19,27,500,22,
3/20/19,34,500,31,
3/21/19,43,500,21,
3/22/19,23,500,4,
3/23/19,24,392,8,
3/24/19,31,500,12,
3/25/19,27,500,14,
3/26/19,41,500,11,
3/27/19,23,481,15,
3/28/19,31,500,19,
3/29/19,27,500,36,
3/30/19,50,500,24,
3/31/19,49,500,11,
4/1/19,41,500,9,
10/2/18,44,,,
10/3/18,38,,,
10/4/18,24,,,
10/5/18,47,,,
10/6/18,18,,,
10/7/18,18,,,
10/8/18,43,,,
10/9/18,23,,,
10/10/18,28,,,
10/11/18,27,,,
10/12/18,13,,,
10/13/18,12,,,
10/14/18,7,,,
10/15/18,21,,,
10/16/18,29,,,
10/17/18,16,,,
10/18/18,28,,,
10/19/18,19,,,
10/20/18,29,,,
10/21/18,27,23,4,1
10/22/18,23,17,18,2
10/23/18,27,24,13,2
10/24/18,32,20,7,1
10/25/18,27,16,10,1
10/26/18,22,19,16,2
10/27/18,19,26,3,1
10/28/18,16,,,
10/29/18,22,,,
10/30/18,31,,,
10/31/18,42,,,
11/1/18,52,,,
11/2/18,59,,,
11/3/18,35,,,
11/4/18,28,,,
11/5/18,24,,,
11/6/18,20,,,
11/7/18,32,,,
11/8/18,39,,,
11/9/18,46,18,9,1
11/10/18,18,24,8,1
11/11/18,26,23,13,2
11/12/18,31,18,28,5
11/13/18,46,17,19,3
11/14/18,30,24,8,1
11/15/18,27,22,10,1
11/16/18,17,,,
11/17/18,37,,,
11/18/18,46,,,
11/19/18,24,,,
11/20/18,57,,,
11/21/18,44,,,
11/22/18,32,25,6,1
11/23/18,24,17,20,2
11/24/18,25,24,30,4
11/25/18,33,24,15,2
11/26/18,35,27,20,3
11/27/18,33,14,11,2
11/28/18,19,12,11,2
11/29/18,27,,,
11/30/18,30,,,
12/1/18,41,,,
12/2/18,41,,,
12/3/18,37,,,
12/4/18,34,,,
12/5/18,31,,,
12/6/18,30,,,
12/7/18,40,,,
12/8/18,42,,,
12/9/18,39,,,
12/10/18,36,,,
12/11/18,44,,,
12/12/18,51,,,
12/13/18,56,,,
12/14/18,49,,,
12/15/18,45,,,
12/16/18,57,,,
12/17/18,33,,,
12/18/18,32,,,
12/19/18,34,,,
12/20/18,43,,,
12/21/18,49,,,
12/22/18,46,,,
12/23/18,44,,,
12/24/18,38,,,
12/25/18,45,,,
12/26/18,36,,,
12/27/18,49,,,
12/28/18,48,,,
12/29/18,38,,,
12/30/18,35,,,
12/31/18,42,,,
7/2/18,74,70,16,3
7/3/18,90,39,11,2
7/4/18,91,34,7,1
7/5/18,69,21,3,1
7/6/18,26,22,7,1
7/7/18,21,28,6,1
7/8/18,9,,,
7/9/18,22,,,
7/10/18,32,,,
7/11/18,51,23,,
7/12/18,45,48,10,1
7/13/18,38,40,13,2
7/14/18,43,55,9,2
7/15/18,41,45,11,2
7/16/18,38,68,19,3
7/17/18,63,39,5,2
7/18/18,46,,,
7/19/18,22,,,
7/20/18,20,,,
7/21/18,27,,,
7/22/18,13,,,
7/23/18,23,,,
7/24/18,29,,,
7/25/18,23,,,
7/26/18,15,,,
7/27/18,21,,,
7/28/18,53,,,
7/29/18,46,,,
7/30/18,26,,,
7/31/18,39,,,
8/1/18,31,,,
8/2/18,36,,,
8/3/18,32,,,
8/4/18,31,,,
8/5/18,20,,,
8/6/18,51,,,
8/7/18,70,,,
8/8/18,56,,,
8/9/18,53,,,
8/10/18,40,,,
8/11/18,60,,,
8/12/18,41,,,
8/13/18,31,,,
8/14/18,23,,,
8/15/18,29,25,,
8/16/18,53,53,15,3
8/17/18,78,46,10,3
8/18/18,72,32,11,2
8/19/18,63,21,,
8/20/18,36,22,,
8/21/18,30,27,5,1
8/22/18,15,36,6,1
8/23/18,47,26,8,1
8/24/18,38,40,15,3
8/25/18,50,39,8,2
8/26/18,36,40,6,2
8/27/18,41,19,15,3
8/28/18,69,,,
8/29/18,88,,,
8/30/18,101,,,
8/31/18,34,,,
9/1/18,17,,,
9/2/18,19,,,
9/3/18,32,,,
9/4/18,46,,,
9/5/18,36,,,
9/6/18,46,,,
9/7/18,50,,,
9/8/18,22,,,
9/9/18,18,,,
9/10/18,9,,,
9/11/18,8,,,
9/12/18,52,,,
9/13/18,38,,,
9/14/18,18,,,
9/15/18,17,,,
9/16/18,28,,,
9/17/18,37,,,
9/18/18,24,,,
9/19/18,19,,,
9/20/18,36,,,
9/21/18,14,,,
9/22/18,11,,,
9/23/18,19,,,
9/24/18,16,,,
9/25/18,19,,,
9/26/18,19,,,
9/27/18,27,,,
9/28/18,11,,,
9/29/18,18,,,
9/30/18,29,,,
10/1/18,20,,,
4/2/18,28,,,
4/3/18,31,,,
4/4/18,25,,,
4/5/18,38,,,
4/6/18,31,,,
4/7/18,40,,,
4/8/18,22,,,
4/9/18,24,,,
4/10/18,30,,,
4/11/18,37,,,
4/12/18,40,,,
4/13/18,55,,,
4/14/18,63,,,
4/15/18,56,,,
4/16/18,15,,,
4/17/18,31,,,
4/18/18,23,,,
4/19/18,26,,,
4/20/18,32,,,
4/21/18,29,,,
4/22/18,27,,,
4/23/18,29,,,
4/24/18,58,,,
4/25/18,31,,,
4/26/18,28,,,
4/27/18,38,,,
4/28/18,30,,,
4/29/18,43,,,
4/30/18,28,,,
5/1/18,28,,,
5/2/18,47,,,
5/3/18,53,,,
5/4/18,62,42,12,
5/5/18,56,46,10,2
5/6/18,25,39,13,2
5/7/18,33,42,16,2
5/8/18,36,43,15,2
5/9/18,34,32,17,2
5/10/18,37,30,9,2
5/11/18,24,,,
5/12/18,28,,,
5/13/18,26,,,
5/14/18,17,,,
5/15/18,28,,,
5/16/18,52,,,
5/17/18,30,,,
5/18/18,42,,,
5/19/18,29,,,
5/20/18,21,,,
5/21/18,29,,,
5/22/18,29,29,20,3
5/23/18,39,34,15,3
5/24/18,35,60,14,2
5/25/18,37,67,12,2
5/26/18,52,62,13,3
5/27/18,61,38,6,2
5/28/18,32,22,7,2
5/29/18,20,48,17,3
5/30/18,54,32,8,2
5/31/18,33,25,10,2
6/1/18,38,21,15,3
6/2/18,51,45,11,2
6/3/18,43,23,3,1
6/4/18,13,27,9,1
6/5/18,21,37,12,2
6/6/18,24,24,9,1
6/7/18,21,24,9,1
6/8/18,21,18,9,1
6/9/18,43,,,
6/10/18,49,,,
6/11/18,32,,,
6/12/18,23,,,
6/13/18,24,,,
6/14/18,38,,,
6/15/18,27,,,
6/16/18,16,,,
6/17/18,42,64,11,2
6/18/18,52,44,8,2
6/19/18,63,37,15,2
6/20/18,26,36,13,2
6/21/18,26,56,20,2
6/22/18,36,35,5,1
6/23/18,29,25,4,1
6/24/18,29,35,8,2
6/25/18,64,30,8,1
6/26/18,31,28,6,1
6/27/18,19,30,6,1
6/28/18,14,,,
6/29/18,39,30,,
6/30/18,35,66,15,3
7/1/18,52,80,15,3
1/2/18,54,,,
1/3/18,56,,,
1/4/18,61,,,
1/5/18,44,,,
1/6/18,48,,,
1/7/18,49,,,
1/8/18,51,,,
1/9/18,65,,,
1/10/18,61,,,
1/11/18,54,,,
1/12/18,75,,,
1/13/18,38,,,
1/14/18,46,,,
1/15/18,43,,,
1/16/18,45,,,
1/17/18,57,,,
1/18/18,61,,,
1/19/18,58,,,
1/20/18,61,,,
1/21/18,56,,,
1/22/18,64,,,
1/23/18,76,,,
1/24/18,43,,,
1/25/18,42,,,
1/26/18,41,,,
1/27/18,39,,,
1/28/18,43,,13,3
1/29/18,51,,13,4
1/30/18,45,,13,4
1/31/18,45,,19,3
2/1/18,39,,27,4
2/2/18,55,,16,2
2/3/18,48,,13,2
2/4/18,42,,,
2/5/18,42,,,
2/6/18,44,,,
2/7/18,47,,,
2/8/18,45,,,
2/9/18,52,,,
2/10/18,55,,,
2/11/18,64,,,
2/12/18,54,,,
2/13/18,44,,,
2/14/18,37,,,
2/15/18,50,,,
2/16/18,60,,,
2/17/18,44,,,
2/18/18,36,,,
2/19/18,49,,,
2/20/18,49,,,
2/21/18,61,,,
2/22/18,49,,,
2/23/18,25,,,
2/24/18,28,,,
2/25/18,45,,,
2/26/18,33,,,
2/27/18,39,,,
2/28/18,34,,,
3/1/18,41,,,
3/2/18,55,,,
3/3/18,21,,,
3/4/18,32,,,
3/5/18,24,,,
3/6/18,25,,,
3/7/18,30,,,
3/8/18,17,,,
3/9/18,34,,,
3/10/18,38,,,
3/11/18,33,,,
3/12/18,32,,,
3/13/18,20,,,
3/14/18,23,,,
3/15/18,25,,,
3/16/18,40,,,
3/17/18,39,,,
3/18/18,27,,,
3/19/18,30,,,
3/20/18,32,,,
3/21/18,21,,,
3/22/18,21,,,
3/23/18,26,,,
3/24/18,29,,,
3/25/18,28,,,
3/26/18,26,,,
3/27/18,30,,,
3/28/18,27,,,
3/29/18,49,,,
3/30/18,56,,,
3/31/18,50,,,
4/1/18,21,,,
10/2/17,22,,,
10/3/17,37,,,
10/4/17,29,,,
10/5/17,37,,,
10/6/17,51,,,
10/7/17,51,,,
10/8/17,39,,,
10/9/17,23,,,
10/10/17,28,,,
10/11/17,31,,,
10/12/17,37,,,
10/13/17,18,,,
10/14/17,21,,,
10/15/17,31,,,
10/16/17,29,,,
10/17/17,20,,,
10/18/17,25,,,
10/19/17,45,,,
10/20/17,43,,,
10/21/17,37,,,
10/22/17,47,,,
10/23/17,47,,,
10/24/17,29,,,
10/25/17,34,,,
10/26/17,30,,,
10/27/17,36,,,
10/28/17,41,,,
10/29/17,34,,,
10/30/17,11,,,
10/31/17,25,,,
11/1/17,38,,,
11/2/17,37,,,
11/3/17,43,,,
11/4/17,37,,,
11/5/17,24,,,
11/6/17,25,,,
11/7/17,35,,,
11/8/17,24,,,
11/9/17,27,,,
11/10/17,31,,,
11/11/17,26,,,
11/12/17,24,,,
11/13/17,48,,,
11/14/17,49,,,
11/15/17,39,,,
11/16/17,29,,,
11/17/17,28,,,
11/18/17,27,,,
11/19/17,37,,,
11/20/17,35,,,
11/21/17,35,,,
11/22/17,49,,,
11/23/17,44,,,
11/24/17,32,,,
11/25/17,46,,,
11/26/17,53,,,
11/27/17,37,,,
11/28/17,40,,,
11/29/17,35,,,
11/30/17,43,,,
12/1/17,35,,,
12/2/17,43,,,
12/3/17,38,,,
12/4/17,51,,,
12/5/17,64,,,
12/6/17,34,,,
12/7/17,35,,,
12/8/17,39,,,
12/9/17,41,,,
12/10/17,42,,,
12/11/17,49,,,
12/12/17,46,,,
12/13/17,39,,,
12/14/17,32,,,
12/15/17,44,,,
12/16/17,43,,,
12/17/17,52,,,
12/18/17,43,,,
12/19/17,61,,,
12/20/17,49,,,
12/21/17,46,,,
12/22/17,39,,,
12/23/17,52,,,
12/24/17,50,,,
12/25/17,33,,,
12/26/17,45,,,
12/27/17,43,,,
12/28/17,52,,,
12/29/17,43,,,
12/30/17,49,,,
12/31/17,57,,,
1/1/18,47,,,
7/2/17,30,,,
7/3/17,34,,,
7/4/17,45,,,
7/5/17,56,,,
7/6/17,55,,,
7/7/17,21,,,
7/8/17,20,,,
7/9/17,34,,,
7/10/17,31,,,
7/11/17,39,,,
7/12/17,47,,,
7/13/17,53,,,
7/14/17,59,,,
7/15/17,23,,,
7/16/17,24,,,
7/17/17,29,,,
7/18/17,39,,,
7/19/17,30,,,
7/20/17,55,,,
7/21/17,69,,,
7/22/17,41,,,
7/23/17,61,,,
7/24/17,59,,,
7/25/17,16,,,
7/26/17,18,,,
7/27/17,18,,,
7/28/17,36,,,
7/29/17,53,,,
7/30/17,15,,,
7/31/17,24,,,
8/1/17,43,,,
8/2/17,62,,,
8/3/17,71,,,
8/4/17,57,,,
8/5/17,31,,,
8/6/17,24,,,
8/7/17,22,,,
8/8/17,36,,,
8/9/17,29,,,
8/10/17,51,,,
8/11/17,64,,,
8/12/17,26,,,
8/13/17,27,,,
8/14/17,32,,,
8/15/17,41,,,
8/16/17,51,,,
8/17/17,45,,,
8/18/17,37,,,
8/19/17,40,,,
8/20/17,35,,,
8/21/17,38,,,
8/22/17,60,,,
8/23/17,58,,,
8/24/17,30,,,
8/25/17,43,,,
8/26/17,32,,,
8/27/17,31,,,
8/28/17,39,,,
8/29/17,31,,,
8/30/17,16,,,
8/31/17,29,,,
9/1/17,48,,,
9/2/17,20,,,
9/3/17,17,,,
9/4/17,19,,,
9/5/17,50,,,
9/6/17,67,,,
9/10/17,19,,,
9/11/17,15,,,
9/12/17,27,,,
9/13/17,44,,,
9/14/17,46,,,
9/15/17,49,,,
9/16/17,45,,,
9/17/17,59,,,
9/18/17,56,,,
9/19/17,19,,,
9/20/17,35,,,
9/21/17,24,,,
9/22/17,38,,,
9/23/17,23,,,
9/24/17,32,,,
9/25/17,56,,,
9/26/17,54,,,
9/27/17,27,,,
9/28/17,29,,,
9/29/17,18,,,
9/30/17,26,,,
10/1/17,22,,,
4/2/17,20,,,
4/3/17,30,,,
4/4/17,42,,,
4/5/17,31,,,
4/6/17,42,,,
4/7/17,26,,,
4/8/17,23,,,
4/9/17,26,,,
4/10/17,33,,,
4/11/17,58,,,
4/12/17,65,,,
4/13/17,63,,,
4/14/17,23,,,
4/15/17,28,,,
4/16/17,33,,,
4/17/17,46,,,
4/18/17,25,,,
4/19/17,23,,,
4/20/17,22,,,
4/21/17,40,,,
4/22/17,22,,,
4/23/17,21,,,
4/24/17,20,,,
4/25/17,29,,,
4/26/17,9,,,
4/27/17,30,,,
4/28/17,41,,,
4/29/17,63,,,
4/30/17,40,,,
5/1/17,19,,,
5/2/17,37,,,
5/3/17,33,,,
5/4/17,23,,,
5/5/17,32,,,
5/6/17,27,,,
5/7/17,30,,,
5/8/17,17,,,
5/9/17,24,,,
5/10/17,26,,,
5/11/17,29,,,
5/12/17,22,,,
5/13/17,17,,,
5/14/17,5,,,
5/15/17,25,,,
5/16/17,22,,,
5/17/17,30,,,
5/18/17,62,,,
5/19/17,66,,,
5/20/17,50,,,
5/21/17,21,,,
5/22/17,20,,,
5/23/17,21,,,
5/24/17,32,,,
5/25/17,31,,,
5/26/17,4,,,
5/27/17,17,,,
5/28/17,23,,,
5/29/17,24,,,
5/30/17,15,,,
5/31/17,23,,,
6/1/17,32,,,
6/2/17,32,,,
6/3/17,33,,,
6/4/17,20,,,
6/5/17,22,,,
6/6/17,43,,,
6/7/17,13,,,
6/8/17,17,,,
6/9/17,25,,,
6/10/17,41,,,
6/11/17,51,,,
6/12/17,53,,,
6/13/17,60,,,
6/14/17,64,,,
6/15/17,37,,,
6/16/17,23,,,
6/17/17,25,,,
6/18/17,31,,,
6/19/17,40,,,
6/20/17,40,,,
6/21/17,23,,,
6/22/17,39,,,
6/23/17,57,,,
6/24/17,68,,,
6/25/17,23,,,
6/26/17,29,,,
6/27/17,21,,,
6/28/17,45,,,
6/29/17,25,,,
6/30/17,38,,,
7/1/17,50,,,
1/3/17,51,,,
1/4/17,26,,,
1/5/17,47,,,
1/6/17,48,,,
1/7/17,55,,,
1/8/17,49,,,
1/9/17,56,,,
1/10/17,52,,,
1/11/17,53,,,
1/12/17,52,,,
1/13/17,57,,,
1/14/17,47,,,
1/15/17,43,,,
1/16/17,55,,,
1/17/17,59,,,
1/18/17,64,,,
1/19/17,39,,,
1/20/17,55,,,
1/21/17,43,,,
1/22/17,65,,,
1/23/17,61,,,
1/24/17,22,,,
1/25/17,32,,,
1/26/17,44,,,
1/27/17,58,,,
1/28/17,40,,,
1/30/17,50,,,
1/31/17,45,,,
2/1/17,44,,,
2/2/17,48,,,
2/3/17,45,,,
2/4/17,48,,,
2/5/17,47,,,
2/6/17,51,,,
2/7/17,57,,,
2/8/17,62,,,
2/9/17,57,,,
2/10/17,33,,,
2/11/17,40,,,
2/12/17,64,,,
2/13/17,39,,,
2/14/17,38,,,
2/15/17,44,,,
2/16/17,52,,,
2/17/17,42,,,
2/18/17,50,,,
2/19/17,57,,,
2/20/17,56,,,
2/21/17,36,,,
2/22/17,37,,,
2/23/17,53,,,
2/24/17,74,,,
2/25/17,52,,,
2/26/17,31,,,
2/27/17,34,,,
2/28/17,51,,,
3/1/17,49,,,
3/2/17,48,,,
3/3/17,37,,,
3/4/17,28,,,
3/5/17,29,,,
3/6/17,33,,,
3/7/17,47,,,
3/8/17,65,,,
3/9/17,52,,,
3/10/17,48,,,
3/11/17,26,,,
3/12/17,34,,,
3/13/17,36,,,
3/14/17,41,,,
3/15/17,23,,,
3/16/17,35,,,
3/17/17,43,,,
3/18/17,45,,,
3/19/17,43,,,
3/20/17,34,,,
3/21/17,41,,,
3/22/17,49,,,
3/23/17,38,,,
3/24/17,38,,,
3/25/17,56,,,
3/26/17,63,,,
3/27/17,31,,,
3/28/17,43,,,
3/29/17,36,,,
3/30/17,24,,,
3/31/17,30,,,
4/1/17,12,,,
10/2/16,7,,,
10/3/16,26,,,
10/4/16,46,,,
10/5/16,23,,,
10/6/16,26,,,
10/7/16,49,,,
10/8/16,47,,,
10/9/16,38,,,
10/10/16,11,,,
10/11/16,16,,,
10/12/16,26,,,
10/13/16,32,,,
10/14/16,44,,,
10/15/16,19,,,
10/16/16,25,,16,1
10/17/16,35,,27,2
10/18/16,59,,21,2
10/19/16,64,,14,1
10/20/16,41,,14,1
10/21/16,36,,19,3
10/22/16,30,,2,
10/23/16,17,,,
10/24/16,27,,,
10/25/16,34,,,
10/26/16,39,,,
10/27/16,20,,,
10/28/16,25,,,
10/29/16,29,,,
10/30/16,36,,,
10/31/16,53,,,
11/1/16,23,,,
11/2/16,31,,,
11/3/16,47,,,
11/4/16,54,,,
11/5/16,25,,,
11/6/16,39,,,
11/7/16,28,,,
11/8/16,26,,,
11/9/16,55,,,
11/10/16,56,,,
11/11/16,27,,,
11/12/16,36,,,
11/13/16,27,,,
11/14/16,46,,,
11/15/16,54,,,
11/16/16,40,,,
11/17/16,52,,,
11/18/16,53,,,
11/19/16,63,,,
11/20/16,42,,,
11/21/16,18,,,
11/22/16,24,,,
11/23/16,40,,,
11/24/16,33,,,
11/25/16,37,,,
11/26/16,63,,,
11/27/16,43,,,
11/28/16,33,,,
11/29/16,43,,,
11/30/16,38,,,
12/1/16,48,,,
12/2/16,31,,,
12/3/16,31,,,
12/4/16,36,,,
12/5/16,37,,,
12/6/16,43,,,
12/7/16,44,,,
12/8/16,46,,,
12/9/16,45,,,
12/10/16,41,,,
12/11/16,43,,,
12/12/16,40,,,
12/13/16,52,,,
12/14/16,53,,,
12/15/16,48,,,
12/16/16,43,,,
12/17/16,48,,,
12/18/16,48,,,
12/19/16,62,,,
12/20/16,39,,,
12/21/16,44,,,
12/22/16,64,,,
12/23/16,60,,,
12/24/16,50,,,
12/25/16,52,,,
12/26/16,47,,,
12/27/16,39,,,
12/28/16,46,,,
12/29/16,44,,,
12/30/16,47,,,
12/31/16,47,,,
1/1/17,39,,,
1/2/17,67,,,
7/2/16,41,,,
7/3/16,22,,,
7/4/16,30,,,
7/5/16,54,,,
7/6/16,28,,,
7/7/16,56,,,
7/8/16,64,,,
7/9/16,45,,,
7/10/16,20,,,
7/11/16,15,,,
7/12/16,19,,,
7/13/16,34,,,
7/14/16,31,,,
7/15/16,46,,,
7/16/16,53,,,
7/17/16,46,,,
7/18/16,41,,,
7/19/16,51,,,
7/20/16,21,,,
7/21/16,24,,,
7/22/16,42,,,
7/23/16,58,,,
7/24/16,34,,,
7/25/16,38,,,
7/26/16,49,,,
7/27/16,23,,,
7/28/16,35,,,
7/29/16,64,,,
7/30/16,50,,,
7/31/16,57,,,
8/1/16,39,,,
8/2/16,41,,,
8/3/16,45,,,
8/4/16,41,,,
8/5/16,35,,,
8/6/16,30,,,
8/7/16,37,,,
8/8/16,20,,,
8/9/16,39,,,
8/10/16,41,,,
8/11/16,37,,,
8/12/16,47,,,
8/13/16,41,,,
8/14/16,54,,,
8/15/16,32,,,
8/16/16,34,,,
8/17/16,45,,,
8/18/16,13,,,
8/19/16,43,,,
8/20/16,43,,,
8/21/16,37,,,
8/22/16,27,,,
8/23/16,10,,,
8/24/16,26,,,
8/25/16,40,,,
8/26/16,37,,,
8/27/16,45,,,
8/28/16,32,,,
8/29/16,27,,,
8/30/16,25,,,
8/31/16,31,,,
9/1/16,43,,,
9/2/16,51,,,
9/3/16,14,,,
9/4/16,20,,,
9/5/16,14,,,
9/6/16,14,,,
9/7/16,15,,,
9/8/16,26,,,
9/9/16,55,,,
9/10/16,51,,,
9/11/16,57,,,
9/12/16,25,,,
9/13/16,19,,,
9/14/16,26,,,
9/15/16,39,,,
9/16/16,16,,,
9/17/16,32,,,
9/18/16,22,,,
9/19/16,35,,,
9/20/16,33,,,
9/21/16,37,,,
9/22/16,40,,,
9/23/16,37,,,
9/24/16,53,,,
9/25/16,17,,,
9/26/16,17,,,
9/27/16,19,,,
9/28/16,33,,,
9/29/16,31,,,
9/30/16,16,,,
10/1/16,13,,,
4/2/16,54,,,
4/3/16,29,,,
4/4/16,30,,,
4/5/16,43,,,
4/6/16,34,,,
4/7/16,30,,,
4/8/16,28,,,
4/9/16,34,,,
4/10/16,48,,,
4/11/16,32,,,
4/12/16,51,,,
4/13/16,39,,,
4/14/16,29,,,
4/15/16,35,,,
4/16/16,38,,,
4/17/16,31,,,
4/18/16,42,,,
4/19/16,50,,,
4/20/16,37,,,
4/21/16,24,,,
4/22/16,45,,,
4/23/16,86,,,
4/24/16,34,,,
4/25/16,25,,,
4/26/16,47,,,
4/27/16,41,,,
4/28/16,20,,,
4/29/16,28,,,
4/30/16,27,,,
5/1/16,26,,,
5/2/16,19,,,
5/3/16,39,,,
5/4/16,22,,,
5/5/16,12,,,
5/6/16,12,,,
5/7/16,17,,,
5/8/16,24,,,
5/9/16,26,,,
5/10/16,45,,,
5/11/16,25,,,
5/12/16,42,,,
5/13/16,57,,,
5/14/16,77,,,
5/15/16,59,,,
5/16/16,27,,,
5/17/16,42,,,
5/18/16,63,,,
5/19/16,57,,,
5/20/16,65,,,
5/21/16,34,,,
5/22/16,32,,,
5/23/16,27,,,
5/24/16,34,,,
5/25/16,43,,,
5/26/16,68,,,
5/27/16,71,,,
5/28/16,77,,,
5/29/16,60,,,
5/30/16,32,,,
5/31/16,25,,,
6/1/16,37,,,
6/2/16,39,,,
6/3/16,33,,,
6/4/16,42,,,
6/5/16,45,,,
6/6/16,21,,,
6/7/16,27,,,
6/8/16,44,,,
6/9/16,22,,,
6/10/16,14,,,
6/11/16,21,,,
6/12/16,58,,,
6/13/16,42,,,
6/14/16,38,,,
6/15/16,24,,,
6/16/16,43,,,
6/17/16,56,,,
6/18/16,42,,,
6/19/16,40,,,
6/20/16,38,,,
6/21/16,39,,,
6/22/16,37,,,
6/23/16,31,,,
6/24/16,60,,,
6/25/16,54,,,
6/26/16,42,,,
6/27/16,44,,,
6/28/16,49,,,
6/29/16,42,,,
6/30/16,29,,,
7/1/16,31,,,
1/5/16,47,,,
1/6/16,69,,,
1/7/16,72,,,
1/8/16,84,,,
1/9/16,63,,,
1/10/16,55,,,
1/11/16,41,,,
1/12/16,45,,,
1/13/16,55,,,
1/14/16,49,,,
1/15/16,61,,,
1/16/16,76,,,
1/17/16,52,,,
1/18/16,43,,,
1/19/16,48,,,
1/20/16,42,,,
1/21/16,42,,,
1/22/16,47,,,
1/23/16,36,,,
1/24/16,34,,,
1/25/16,52,,,
1/26/16,65,,,
1/27/16,89,,,
1/28/16,57,,,
1/29/16,63,,,
1/30/16,59,,,
1/31/16,67,,,
2/1/16,74,,,
2/2/16,72,,,
2/3/16,44,,,
2/4/16,42,,,
2/5/16,49,,,
2/6/16,39,,,
2/7/16,64,,,
2/8/16,65,,,
2/9/16,37,,,
2/10/16,47,,,
2/11/16,62,,,
2/12/16,40,,,
2/13/16,45,,,
2/14/16,52,,,
2/15/16,43,,,
2/16/16,52,,,
2/17/16,58,,,
2/18/16,49,,,
2/19/16,34,,,
2/20/16,39,,,
2/21/16,56,,,
2/22/16,50,,,
2/23/16,39,,,
2/24/16,29,,,
2/25/16,26,,,
2/26/16,43,,,
2/27/16,36,,,
2/28/16,47,,,
2/29/16,66,,,
3/1/16,52,,,
3/2/16,40,,,
3/3/16,51,,,
3/4/16,34,,,
3/5/16,40,,,
3/6/16,40,,,
3/7/16,48,,,
3/8/16,65,,,
3/9/16,83,,,
3/10/16,80,,,
3/11/16,73,,,
3/12/16,26,,,
3/13/16,25,,,
3/14/16,40,,,
3/15/16,21,,,
3/16/16,37,,,
3/17/16,49,,,
3/18/16,33,,,
3/19/16,39,,,
3/20/16,26,,,
3/21/16,22,,,
3/22/16,30,,,
3/23/16,34,,,
3/24/16,56,,,
3/25/16,50,,,
3/26/16,56,,,
3/27/16,26,,,
3/28/16,25,,,
3/29/16,23,,,
3/30/16,25,,,
3/31/16,35,,,
4/1/16,54,,,
10/2/15,15,,,
10/3/15,9,,,
10/4/15,7,,,
10/5/15,16,,,
10/6/15,36,,,
10/7/15,45,,,
10/8/15,35,,,
10/9/15,42,,,
10/10/15,43,,,
10/11/15,21,,,
10/12/15,32,,,
10/13/15,49,,,
10/14/15,41,,,
10/15/15,28,,,
10/16/15,29,,,
10/17/15,35,,,
10/18/15,26,,,
10/19/15,23,,,
10/20/15,30,,,
10/21/15,43,,,
10/22/15,65,,,
10/23/15,63,,,
10/24/15,30,,,
10/25/15,25,,,
10/26/15,26,,,
10/27/15,50,,,
10/28/15,33,,,
10/29/15,18,,,
10/30/15,44,,,
10/31/15,37,,,
11/1/15,32,,,
11/2/15,47,,,
11/3/15,53,,,
11/4/15,70,,,
11/5/15,71,,,
11/6/15,68,,,
11/7/15,51,,,
11/8/15,34,,,
11/9/15,32,,,
11/10/15,54,,,
11/11/15,31,,,
11/12/15,25,,,
11/13/15,27,,,
11/14/15,26,,,
11/15/15,35,,,
11/16/15,37,,,
11/17/15,55,,,
11/18/15,39,,,
11/19/15,30,,,
11/20/15,29,,,
11/21/15,35,,,
11/22/15,34,,,
11/23/15,33,,,
11/24/15,42,,,
11/25/15,53,,,
11/26/15,60,,,
11/27/15,60,,,
11/28/15,46,,,
11/29/15,43,,,
11/30/15,31,,,
12/1/15,46,,,
12/2/15,35,,,
12/3/15,63,,,
12/4/15,41,,,
12/5/15,46,,,
12/6/15,55,,,
12/7/15,68,,,
12/8/15,72,,,
12/9/15,57,,,
12/10/15,67,,,
12/11/15,69,,,
12/12/15,74,,,
12/13/15,84,,,
12/14/15,76,,,
12/15/15,46,,,
12/16/15,27,,,
12/17/15,30,,,
12/18/15,43,,,
12/19/15,40,,,
12/20/15,39,,,
12/21/15,42,,,
12/22/15,46,,,
12/23/15,55,,,
12/24/15,56,,,
12/25/15,53,,,
12/26/15,70,,,
12/27/15,30,,,
12/28/15,43,,,
12/29/15,31,,,
12/30/15,38,,,
12/31/15,51,,,
1/1/16,45,,,
1/3/16,63,,,
1/4/16,73,,,
7/2/15,61,,,
7/3/15,54,,,
7/4/15,36,,,
7/5/15,48,,,
7/6/15,62,,,
7/7/15,51,,,
7/8/15,63,,,
7/9/15,84,,,
7/10/15,57,,,
7/11/15,37,,,
7/12/15,55,,,
7/13/15,57,,,
7/14/15,62,,,
7/15/15,48,,,
7/16/15,45,,,
7/17/15,26,,,
7/18/15,30,,,
7/19/15,43,,,
7/20/15,64,,,
7/21/15,63,,,
7/22/15,57,,,
7/23/15,17,,,
7/24/15,22,,,
7/25/15,32,,,
7/26/15,49,,,
7/27/15,45,,,
7/28/15,44,,,
7/29/15,59,,,
7/30/15,70,,,
7/31/15,58,,,
8/1/15,33,,,
8/2/15,39,,,
8/3/15,32,,,
8/4/15,54,,,
8/5/15,47,,,
8/6/15,43,,,
8/7/15,22,,,
8/8/15,24,,,
8/9/15,21,,,
8/10/15,26,,,
8/11/15,19,,,
8/12/15,31,,,
8/13/15,37,,,
8/14/15,17,,,
8/15/15,43,,,
8/16/15,59,,,
8/17/15,63,,,
8/18/15,65,,,
8/19/15,53,,,
8/20/15,25,,,
8/21/15,17,,,
8/22/15,31,,,
8/23/15,21,,,
8/24/15,29,,,
8/25/15,39,,,
8/26/15,53,,,
8/27/15,31,,,
8/28/15,26,,,
8/29/15,23,,,
8/30/15,46,,,
8/31/15,55,,,
9/1/15,68,,,
9/2/15,72,,,
9/3/15,83,,,
9/4/15,94,,,
9/5/15,67,,,
9/6/15,20,,,
9/7/15,25,,,
9/8/15,43,,,
9/9/15,56,,,
9/10/15,35,,,
9/11/15,29,,,
9/12/15,24,,,
9/13/15,33,,,
9/14/15,19,,,
9/15/15,22,,,
9/16/15,43,,,
9/17/15,58,,,
9/18/15,59,,,
9/19/15,65,,,
9/20/15,42,,,
9/21/15,14,,,
9/22/15,14,,,
9/23/15,24,,,
9/24/15,29,,,
9/25/15,39,,,
9/26/15,28,,,
9/27/15,23,,,
9/28/15,21,,,
9/29/15,35,,,
9/30/15,37,,,
10/1/15,15,,,
4/2/15,36,,,
4/3/15,55,,,
4/4/15,58,,,
4/5/15,35,,,
4/6/15,40,,,
4/7/15,54,,,
4/8/15,53,,,
4/9/15,26,,,
4/10/15,17,,,
4/11/15,43,,,
4/12/15,33,,,
4/13/15,38,,,
4/14/15,48,,,
4/15/15,40,,,
4/16/15,30,,,
4/17/15,28,,,
4/18/15,48,,,
4/19/15,49,,,
4/20/15,22,,,
4/21/15,26,,,
4/22/15,34,,,
4/23/15,44,,,
4/24/15,21,,,
4/25/15,21,,,
4/26/15,24,,,
4/27/15,21,,,
4/28/15,21,,,
4/29/15,24,,,
4/30/15,28,,,
5/1/15,19,,,
5/2/15,23,,,
5/3/15,36,,,
5/4/15,43,,,
5/5/15,67,,,
5/6/15,63,,,
5/7/15,41,,,
5/8/15,54,,,
5/9/15,57,,,
5/10/15,51,,,
5/11/15,53,,,
5/12/15,78,,,
5/13/15,61,,,
5/14/15,36,,,
5/15/15,29,,,
5/16/15,50,,,
5/17/15,55,,,
5/18/15,62,,,
5/19/15,48,,,
5/20/15,54,,,
5/21/15,22,,,
5/22/15,26,,,
5/23/15,37,,,
5/24/15,27,,,
5/25/15,52,,,
5/26/15,60,,,
5/27/15,48,,,
5/28/15,52,,,
5/29/15,60,,,
5/30/15,30,,,
5/31/15,39,,,
6/1/15,43,,,
6/2/15,6,,,
6/3/15,13,,,
6/4/15,24,,,
6/5/15,17,,,
6/6/15,33,,,
6/7/15,45,,,
6/8/15,31,,,
6/9/15,42,,,
6/10/15,43,,,
6/11/15,48,,,
6/12/15,91,,,
6/13/15,78,,,
6/14/15,33,,,
6/15/15,42,,,
6/16/15,32,,,
6/17/15,44,,,
6/18/15,34,,,
6/19/15,20,,,
6/20/15,42,,,
6/21/15,32,,,
6/22/15,35,,,
6/23/15,44,,,
6/24/15,67,,,
6/25/15,18,,,
6/26/15,34,,,
6/27/15,44,,,
6/28/15,15,,,
6/29/15,17,,,
6/30/15,15,,,
7/1/15,39,,,
1/2/15,62,,,
1/3/15,66,,,
1/4/15,50,,,
1/5/15,53,,,
1/6/15,53,,,
1/7/15,62,,,
1/8/15,60,,,
1/9/15,57,,,
1/10/15,55,,,
1/11/15,60,,,
1/12/15,60,,,
1/13/15,69,,,
1/14/15,55,,,
1/15/15,64,,,
1/16/15,66,,,
1/17/15,66,,,
1/18/15,51,,,
1/19/15,80,,,
1/20/15,49,,,
1/21/15,47,,,
1/22/15,59,,,
1/23/15,63,,,
1/24/15,61,,,
1/25/15,63,,,
1/26/15,50,,,
1/27/15,42,,,
1/28/15,45,,,
1/29/15,55,,,
1/30/15,51,,,
1/31/15,51,,,
2/1/15,57,,,
2/2/15,60,,,
2/3/15,45,,,
2/4/15,53,,,
2/5/15,75,,,
2/6/15,52,,,
2/7/15,53,,,
2/8/15,72,,,
2/9/15,73,,,
2/10/15,48,,,
2/11/15,49,,,
2/12/15,56,,,
2/13/15,59,,,
2/14/15,59,,,
2/15/15,57,,,
2/16/15,60,,,
2/17/15,51,,,
2/18/15,59,,,
2/19/15,74,,,
2/20/15,63,,,
2/21/15,62,,,
2/22/15,60,,,
2/23/15,72,,,
2/24/15,52,,,
2/25/15,50,,,
2/26/15,63,,,
2/27/15,56,,,
2/28/15,57,,,
3/1/15,56,,,
3/2/15,57,,,
3/3/15,65,,,
3/4/15,48,,,
3/5/15,90,,,
3/6/15,55,,,
3/7/15,52,,,
3/8/15,71,,,
3/9/15,70,,,
3/10/15,61,,,
3/11/15,85,,,
3/12/15,58,,,
3/13/15,37,,,
3/14/15,32,,,
3/15/15,39,,,
3/16/15,34,,,
3/17/15,53,,,
3/18/15,51,,,
3/19/15,34,,,
3/20/15,39,,,
3/21/15,40,,,
3/22/15,56,,,
3/23/15,40,,,
3/24/15,40,,,
3/25/15,47,,,
3/26/15,57,,,
3/27/15,61,,,
3/28/15,28,,,
3/29/15,31,,,
3/30/15,30,,,
3/31/15,38,,,
4/1/15,30,,,
10/2/14,17,,,
10/3/14,22,,,
10/4/14,35,,,
10/5/14,25,,,
10/6/14,26,,,
10/7/14,42,,,
10/8/14,35,,,
10/9/14,29,,,
10/10/14,31,,,
10/11/14,32,,,
10/12/14,35,,,
10/13/14,29,,,
10/14/14,39,,,
10/15/14,29,,,
10/16/14,27,,,
10/17/14,30,,,
10/18/14,41,,,
10/19/14,32,,,
10/20/14,20,,,
10/21/14,33,,,
10/22/14,46,,,
10/23/14,21,,,
10/24/14,18,,,
10/25/14,28,,,
10/26/14,43,,,
10/27/14,32,,,
10/28/14,36,,,
10/29/14,64,,,
10/30/14,52,,,
10/31/14,36,,,
11/1/14,30,,,
11/2/14,24,,,
11/3/14,23,,,
11/4/14,38,,,
11/5/14,49,,,
11/6/14,50,,,
11/7/14,47,,,
11/8/14,31,,,
11/9/14,27,,,
11/10/14,48,,,
11/11/14,69,,,
11/12/14,63,,,
11/13/14,46,,,
11/14/14,38,,,
11/15/14,34,,,
11/16/14,37,,,
11/17/14,46,,,
11/18/14,52,,,
11/19/14,41,,,
11/20/14,36,,,
11/21/14,47,,,
11/22/14,46,,,
11/23/14,52,,,
11/24/14,62,,,
11/25/14,46,,,
11/26/14,44,,,
11/27/14,33,,,
11/28/14,31,,,
11/29/14,34,,,
11/30/14,43,,,
12/1/14,60,,,
12/2/14,59,,,
12/3/14,34,,,
12/4/14,46,,,
12/5/14,49,,,
12/6/14,51,,,
12/7/14,53,,,
12/8/14,35,,,
12/9/14,48,,,
12/10/14,25,,,
12/11/14,34,,,
12/12/14,44,,,
12/13/14,46,,,
12/14/14,49,,,
12/15/14,49,,,
12/16/14,49,,,
12/17/14,64,,,
12/18/14,44,,,
12/19/14,38,,,
12/20/14,49,,,
12/21/14,43,,,
12/22/14,55,,,
12/23/14,52,,,
12/24/14,39,,,
12/25/14,40,,,
12/26/14,40,,,
12/27/14,49,,,
12/28/14,61,,,
12/29/14,60,,,
7/2/14,38,,,
7/3/14,46,,,
7/4/14,53,,,
7/5/14,26,,,
7/6/14,15,,,
7/7/14,35,,,
7/8/14,64,,,
7/9/14,63,,,
7/10/14,42,,,
7/11/14,42,,,
7/12/14,43,,,
7/13/14,46,,,
7/14/14,35,,,
7/15/14,43,,,
7/16/14,43,,,
7/17/14,34,,,
7/18/14,35,,,
7/19/14,34,,,
7/20/14,43,,,
7/21/14,31,,,
7/22/14,48,,,
7/23/14,47,,,
7/24/14,45,,,
7/25/14,28,,,
7/26/14,38,,,
7/27/14,49,,,
7/28/14,48,,,
7/29/14,19,,,
7/30/14,18,,,
7/31/14,27,,,
8/1/14,60,,,
8/2/14,62,,,
8/3/14,42,,,
8/4/14,46,,,
8/5/14,39,,,
8/6/14,54,,,
8/7/14,39,,,
8/8/14,33,,,
8/9/14,33,,,
8/10/14,35,,,
8/11/14,44,,,
8/12/14,48,,,
8/13/14,22,,,
8/14/14,20,,,
8/15/14,23,,,
8/16/14,21,,,
8/17/14,46,,,
8/18/14,48,,,
8/19/14,19,,,
8/20/14,36,,,
8/21/14,32,,,
8/22/14,35,,,
8/23/14,27,,,
8/24/14,19,,,
8/25/14,23,,,
8/26/14,46,,,
8/27/14,51,,,
8/28/14,55,,,
8/29/14,28,,,
8/30/14,20,,,
8/31/14,22,,,
9/1/14,48,,,
9/2/14,43,,,
9/3/14,57,,,
9/4/14,28,,,
9/5/14,49,,,
9/6/14,50,,,
9/7/14,53,,,
9/8/14,23,,,
9/9/14,32,,,
9/10/14,16,,,
9/11/14,26,,,
9/12/14,34,,,
9/13/14,13,,,
9/14/14,16,,,
9/15/14,17,,,
9/16/14,21,,,
9/17/14,37,,,
9/18/14,31,,,
9/19/14,44,,,
9/20/14,38,,,
9/21/14,44,,,
9/22/14,49,,,
9/23/14,22,,,
9/24/14,38,,,
9/25/14,34,,,
9/26/14,19,,,
9/27/14,39,,,
9/28/14,51,,,
9/29/14,66,,,
9/30/14,67,,,
10/1/14,41,,,
4/2/14,30,,,
4/3/14,53,,,
4/4/14,56,,,
4/5/14,36,,,
4/6/14,37,,,
4/7/14,32,,,
4/8/14,79,,,
4/9/14,44,,,
4/10/14,34,,,
4/11/14,39,,,
4/12/14,59,,,
4/13/14,41,,,
4/14/14,56,,,
4/15/14,44,,,
4/16/14,24,,,
4/17/14,28,,,
4/18/14,36,,,
4/19/14,42,,,
4/20/14,46,,,
4/21/14,35,,,
4/22/14,52,,,
4/23/14,54,,,
4/24/14,26,,,
4/25/14,22,,,
4/26/14,39,,,
4/27/14,51,,,
4/28/14,32,,,
4/29/14,64,,,
4/30/14,47,,,
5/1/14,21,,,
5/2/14,46,,,
5/3/14,44,,,
5/4/14,46,,,
5/5/14,22,,,
5/6/14,17,,,
5/7/14,26,,,
5/8/14,27,,,
5/9/14,48,,,
5/10/14,44,,,
5/11/14,46,,,
5/12/14,34,,,
5/13/14,71,,,
5/14/14,43,,,
5/15/14,35,,,
5/16/14,40,,,
5/17/14,35,,,
5/18/14,25,,,
5/19/14,29,,,
5/20/14,33,,,
5/21/14,37,,,
5/22/14,55,,,
5/23/14,62,,,
5/24/14,44,,,
5/25/14,22,,,
5/26/14,36,,,
5/27/14,46,,,
5/28/14,62,,,
5/29/14,19,,,
5/30/14,17,,,
5/31/14,38,,,
6/1/14,22,,,
6/2/14,25,,,
6/3/14,40,,,
6/4/14,59,,,
6/5/14,56,,,
6/6/14,28,,,
6/7/14,21,,,
6/8/14,22,,,
6/9/14,40,,,
6/10/14,46,,,
6/11/14,54,,,
6/12/14,24,,,
6/13/14,35,,,
6/14/14,28,,,
6/15/14,29,,,
6/16/14,25,,,
6/17/14,43,,,
6/18/14,70,,,
6/19/14,43,,,
6/20/14,38,,,
6/21/14,23,,,
6/22/14,19,,,
6/23/14,34,,,
6/24/14,34,,,
6/25/14,23,,,
6/26/14,38,,,
6/27/14,22,,,
6/28/14,24,,,
6/29/14,35,,,
6/30/14,24,,,
7/1/14,31,,,
1/2/14,57,,,
1/3/14,46,,,
1/4/14,55,,,
1/5/14,56,,,
1/6/14,68,,,
1/7/14,38,,,
1/8/14,53,,,
1/9/14,59,,,
1/10/14,68,,,
1/11/14,107,,,
1/12/14,57,,,
1/13/14,57,,,
1/14/14,67,,,
1/15/14,62,,,
1/16/14,95,,,
1/17/14,55,,,
1/18/14,69,,,
1/19/14,72,,,
1/20/14,54,,,
1/21/14,55,,,
1/22/14,39,,,
1/23/14,45,,,
1/24/14,90,,,
1/25/14,70,,,
1/26/14,103,,,
1/27/14,55,,,
1/28/14,71,,,
1/29/14,49,,,
1/30/14,57,,,
1/31/14,60,,,
2/1/14,67,,,
2/2/14,81,,,
2/3/14,79,,,
2/4/14,64,,,
2/5/14,61,,,
2/6/14,56,,,
2/7/14,56,,,
2/8/14,62,,,
2/9/14,56,,,
2/10/14,56,,,
2/11/14,71,,,
2/12/14,60,,,
2/13/14,54,,,
2/14/14,31,,,
2/15/14,64,,,
2/16/14,76,,,
2/17/14,56,,,
2/18/14,52,,,
2/19/14,72,,,
2/20/14,101,,,
2/21/14,65,,,
2/22/14,55,,,
2/23/14,55,,,
2/24/14,49,,,
2/25/14,41,,,
2/26/14,49,,,
2/27/14,52,,,
2/28/14,56,,,
3/1/14,51,,,
3/2/14,51,,,
3/3/14,60,,,
3/4/14,48,,,
3/5/14,58,,,
3/6/14,59,,,
3/7/14,45,,,
3/8/14,42,,,
3/9/14,66,,,
3/10/14,53,,,
3/11/14,65,,,
3/12/14,68,,,
3/13/14,77,,,
3/14/14,36,,,
3/15/14,39,,,
3/16/14,45,,,
3/17/14,31,,,
3/18/14,33,,,
3/19/14,45,,,
3/20/14,36,,,
3/21/14,42,,,
3/22/14,48,,,
3/23/14,50,,,
3/24/14,38,,,
3/25/14,33,,,
3/26/14,40,,,
3/27/14,43,,,
3/28/14,42,,,
3/29/14,64,,,
3/30/14,32,,,
3/31/14,18,,,
4/1/14,28,,,
4/1/20,,,8,
11/4/19,,,19,
